date,time,group,% 3 qtrs ago,% 2 qtr ago,% 1 qtr ago,% current qtr,change in 3 qtrs
2026-09-04,15:29,3IINFOLTD,82.1202,84.9198,84.9324,84.7409,2.6207
2026-09-04,15:29,5PAISA,19.959,29.472,29.4102,22.9852,3.0262
2026-09-04,15:29,AAATECH,28.3035,31.5272,30.4264,29.3053,1.0018
2026-09-04,15:29,AAREYDRUGS,54.0684,57.0858,56.493,55.864,1.7956
2026-09-04,15:29,AARTECH,46.8655,47.1477,47.1477,47.1399,0.2744
2026-09-04,15:29,AARTIDRUGS,31.5904,31.5901,32.0725,32.6494,1.059
2026-09-04,15:29,AARTISURF,48.9231,49.4463,49.6165,49.6923,0.7692
2026-09-04,15:29,AARVI,26.5277,26.4629,26.4725,26.6367,0.109
2026-09-04,15:29,AAVAS,10.0669,11.1174,11.3023,11.7495,1.6826
2026-09-04,15:29,ABBOTINDIA,15.2374,15.2585,15.2518,15.2997,0.0623
2026-09-04,15:29,ABFRL,26.6805,27.1166,31.2315,34.8126,8.1321
2026-09-04,15:29,ABMINTLLTD,23.982,23.982,23.982,24.1674,0.1854
2026-09-04,15:29,ACC,14.6495,14.878,14.7118,15.2751,0.6256
2026-09-04,15:29,ACE,21.043,22.3331,22.3599,24.1102,3.0672
2026-09-04,15:29,ACI,9.7933,10.148,9.5595,11.295,1.5017
2026-09-04,15:29,ACL,9.255,9.2469,24.2469,24.2469,14.9919
2026-09-04,15:29,ACMESOLAR,4.2208,4.6215,5.8023,5.1058,0.885
2026-09-04,15:29,ADFFOODS,22.184,22.2482,21.9525,23.8399,1.6559
2026-09-04,15:29,ADOR,31.7908,31.5356,31.2314,32.7251,0.9343
2026-09-04,15:29,ADSL,44.9519,45.3673,45.746,46.0997,1.1478
2026-09-04,15:29,ADVENZYMES,24.4486,24.9342,25.1758,24.607,0.1584
2026-09-04,15:29,AEGISVOPAK,1.9586,2.0621,2.2796,2.4077,0.4491
2026-09-04,15:29,AEQUS,2.6184,10.7441,11.1403,12.9242,10.3058
2026-09-04,15:29,AEROFLEX,28.7422,28.4615,29.2369,29.4521,0.7099
2026-09-04,15:29,AETHER,6.2953,7.1307,5.8634,6.942,0.6467
2026-09-04,15:29,AFCONS,9.9187,9.5071,9.3144,10.2405,0.3218
2026-09-04,15:29,AFFORDABLE,51.5696,55.5858,54.9345,57.4954,5.9258
2026-09-04,15:29,AFIL,55.1618,55.324,57.6445,58.4218,3.26
2026-09-04,15:29,AGARIND,36.6275,37.6195,37.9753,40.2754,3.6479
2026-09-04,15:29,AGARWALEYE,1.4977,1.7317,1.8343,1.934,0.4363
2026-09-04,15:29,AGI,29.4463,29.6461,30.1731,31.6715,2.2252
2026-09-04,15:29,AGSTRA,66.2618,69.3413,69.8605,69.8604,3.5986
2026-09-04,15:29,AHLADA,49.25,50.681,50.681,50.681,1.431
2026-09-04,15:29,AHLUCONT,7.9784,7.7409,8.5737,8.2743,0.2959
2026-09-04,15:29,AJAXENGG,4.0718,4.1361,4.1944,4.1701,0.0983
2026-09-04,15:29,AKI,45.0929,45.8006,46.077,46.077,0.9841
2026-09-04,15:29,AKSHOPTFBR,80.1332,80.3795,80.3795,80.318,0.1848
2026-09-04,15:29,AKUMS,8.5604,9.1883,9.0176,9.3913,0.8309
2026-09-04,15:29,ALEMBICLTD,26.3509,26.4475,26.4913,26.5024,0.1515
2026-09-04,15:29,ALICON,16.2731,16.6521,16.5892,17.6734,1.4003
2026-09-04,15:29,ALLCARGO,25.582,45.8993,47.8927,49.0676,23.4856
2026-09-04,15:29,ALLDIGI,23.262,23.5703,23.7347,23.9172,0.6552
2026-09-04,15:29,ALLTIME,13.2778,15.4948,16.5868,16.4706,3.1928
2026-09-04,15:29,ALMONDZ,47.5258,47.7897,47.7095,47.8499,0.3241
2026-09-04,15:29,ALOKINDS,22.1734,22.1249,22.0576,22.6516,0.4782
2026-09-04,15:29,AMBUJACEM,6.5958,6.4892,6.2202,7.2383,0.6425
2026-09-04,15:29,AMRUTANJAN,36.8419,36.8495,37.1212,37.2457,0.4038
2026-09-04,15:29,ANANTRAJ,23.0131,25.9426,26.5776,26.9208,3.9077
2026-09-04,15:29,ANIKINDS,53.6155,58.0075,60.6253,60.6275,7.012
2026-09-04,15:29,ANSALAPI,49.0551,49.0672,49.7814,49.812,0.7569
2026-09-04,15:29,ANTELOPUS,27.7713,29.2433,29.1477,28.2592,0.4879
2026-09-04,15:29,ANUP,39.2534,38.8512,39.4065,39.5857,0.3323
2026-09-04,15:29,ANURAS,31.8912,32.8672,33.6322,32.7951,0.9039
2026-09-04,15:29,APLLTD,9.0888,9.0258,9.0111,9.2094,0.1206
2026-09-04,15:29,APOLLO,39.2124,41.4711,42.4676,40.5994,1.387
2026-09-04,15:29,APOLLOHOSP,6.0649,6.3211,5.9944,6.1661,0.1012
2026-09-04,15:29,APOLLOPIPE,33.5704,35.8669,33.9993,37.2622,3.6918
2026-09-04,15:29,APOLLOTYRE,11.2296,10.9111,11.3657,11.9628,0.7332
2026-09-04,15:29,APTECHT,48.72,49.7085,49.646,50.4686,1.7486
2026-09-04,15:29,APTUS,14.8967,15.6459,16.3507,16.2728,1.3761
2026-09-04,15:29,AQYLON,1.2715,40.0738,10.1544,18.4159,17.1444
2026-09-04,15:29,ARCHIES,37.5308,37.5308,37.5368,37.9756,0.4448
2026-09-04,15:29,ARE&M,32.5368,32.2058,32.4563,34.0886,1.5518
2026-09-04,15:29,ARFIN,27.3789,27.3562,28.4844,29.2322,1.8533
2026-09-04,15:29,ARIES,41.3627,42.9734,42.631,42.7471,1.3844
2026-09-04,15:29,ARIHANTCAP,28.4717,30.7309,30.7631,30.8185,2.3468
2026-09-04,15:29,ARIS,49.5389,51.0625,51.9074,57.2741,7.7352
2026-09-04,15:29,ARKADE,27.6372,28.5831,28.5899,28.5893,0.9521
2026-09-04,15:29,ARMANFIN,58.5979,59.2747,60.9749,60.1484,1.5505
2026-09-04,15:29,ARSHIYA,83.7795,83.7795,83.7795,84.0262,0.2467
2026-09-04,15:29,ARSSBL,17.8536,21.7297,24.1047,25.9917,8.1381
2026-09-04,15:29,ARVSMART,34.4572,33.5236,36.8994,36.5013,2.0441
2026-09-04,15:29,ASHOKA,24.0383,23.986,23.5962,27.072,3.0337
2026-09-04,15:29,ASHOKLEY,10.9673,10.7497,11.2528,12.446,1.4787
2026-09-04,15:29,ASIANENE,37.6465,37.3724,37.0349,42.1415,4.495
2026-09-04,15:29,ASMS,23.4269,28.7382,30.6139,32.4655,9.0386
2026-09-04,15:29,ASPINWALL,32.0536,32.0536,32.0772,32.1002,0.0466
2026-09-04,15:29,ASTEC,23.5094,24.7553,24.6107,24.632,1.1226
2026-09-04,15:29,ATALREAL,65.6869,63.6697,66.269,67.3898,1.7029
2026-09-04,15:29,ATHERENERG,11.5702,13.537,12.9969,13.7173,2.1471
2026-09-04,15:29,AUROPHARMA,6.216,6.3956,6.9166,6.4768,0.2608
2026-09-04,15:29,AUTOIND,43.4261,43.3913,53.2782,53.6502,10.2241
2026-09-04,15:29,AVADHSUGAR,36.2013,36.2119,37.1881,37.4709,1.2696
2026-09-04,15:29,AVALON,22.5513,22.5129,22.9294,23.0312,0.4799
2026-09-04,15:29,AVROIND,39.1069,39.1484,38.7365,39.2263,0.1194
2026-09-04,15:29,AVTNPL,23.4979,23.5041,23.7288,23.6861,0.1882
2026-09-04,15:29,AWFIS,14.9763,14.2998,15.4943,15.9502,0.9739
2026-09-04,15:29,AWL,13.1244,12.6368,12.8301,13.5099,0.3855
2026-09-04,15:29,AZAD,18.7841,17.9554,17.5672,20.4036,1.6195
2026-09-04,15:29,BAJAJELEC,12.4602,12.522,12.7148,13.9037,1.4435
2026-09-04,15:29,BAJAJHCARE,36.6984,36.6678,36.8195,37.2981,0.5997
2026-09-04,15:29,BAJAJHFL,9.6561,9.8556,10.9702,11.3846,1.7285
2026-09-04,15:29,BALAJEE,33.5365,33.8734,33.9975,34.2093,0.6728
2026-09-04,15:29,BALAJITELE,42.4215,42.7297,42.647,42.6965,0.275
2026-09-04,15:29,BALAMINES,38.9884,40.1949,40.6088,40.3667,1.3783
2026-09-04,15:29,BALAXI,28.3762,30.1295,29.3353,29.3353,0.9591
2026-09-04,15:29,BALKRISIND,6.0407,6.0125,6.0592,6.5232,0.4825
2026-09-04,15:29,BALRAMCHIN,17.8884,18.6543,18.6007,18.2891,0.4007
2026-09-04,15:29,BALUFORGE,32.8963,32.3373,34.6743,36.6379,3.7416
2026-09-04,15:29,BANCOINDIA,26.5028,26.9751,26.9315,27.0613,0.5585
2026-09-04,15:29,BANKA,47.7005,47.733,47.8975,47.8708,0.1703
2026-09-04,15:29,BANSALWIRE,3.7381,4.2305,4.0764,7.4361,3.698
2026-09-04,15:29,BANSWRAS,36.0189,36.1683,36.6239,36.6181,0.5992
2026-09-04,15:29,BATAINDIA,13.2311,14.028,14.7071,15.9254,2.6943
2026-09-04,15:29,BBL,43.8611,44.6723,43.834,44.4235,0.5624
2026-09-04,15:29,BBTC,14.0448,13.8276,13.8041,14.2712,0.2264
2026-09-04,15:29,BCG,80.0601,79.9789,80.3334,80.5298,0.4697
2026-09-04,15:29,BCONCEPTS,47.3905,47.6489,47.6088,47.5786,0.1881
2026-09-04,15:29,BDL,11.3392,11.8286,12.0869,11.8536,0.5144
2026-09-04,15:29,BECTORFOOD,15.1356,14.5228,15.3533,16.9361,1.8005
2026-09-04,15:29,BESTAGRO,41.6729,41.7973,41.9014,41.8514,0.1785
2026-09-04,15:29,BETA,32.0687,32.0691,32.0687,33.6474,1.5787
2026-09-04,15:29,BFINVEST,24.934,25.0661,25.0667,25.0196,0.0856
2026-09-04,15:29,BGRENERGY,48.789,48.8317,48.7795,48.8779,0.0889
2026-09-04,15:29,BHAGYANGR,28.2243,33.5037,33.8293,33.1192,4.8949
2026-09-04,15:29,BHARATRAS,19.9835,20.1702,20.4711,20.8137,0.8302
2026-09-04,15:29,BIOCON,16.3987,16.0123,17.8033,18.0955,1.6968
2026-09-04,15:29,BIRLAMONEY,26.3495,26.4708,26.4464,26.3918,0.0423
2026-09-04,15:29,BLAL,37.3767,37.5364,37.588,37.5901,0.2134
2026-09-04,15:29,BLISSGVS,42.8945,41.763,46.6125,44.9369,2.0424
2026-09-04,15:29,BLKASHYAP,37.2952,37.7318,37.7413,37.7716,0.4764
2026-09-04,15:29,BLS,19.7006,20.1148,20.2896,22.1722,2.4716
2026-09-04,15:29,BLUEDART,6.6911,7.1144,6.9088,7.0503,0.3592
2026-09-04,15:29,BLUEJET,14.7371,14.4061,14.7951,17.1096,2.3725
2026-09-04,15:29,BLUESTARCO,21.6061,21.5437,21.3763,21.9548,0.3487
2026-09-04,15:29,BLUESTONE,15.8349,16.1094,15.6339,16.5843,0.7494
2026-09-04,15:29,BLUSPRING,26.9152,27.3918,27.335,27.5015,0.5863
2026-09-04,15:29,BODALCHEM,41.1861,41.9845,42.1532,42.2803,1.0942
2026-09-04,15:29,BORANA,21.8963,28.5173,27.0284,30.3241,8.4278
2026-09-04,15:29,BORORENEW,30.4686,32.6747,32.6574,30.551,0.0824
2026-09-04,15:29,BOSCH-HCIL,17.5351,15.2497,15.2023,18.06,0.5249
2026-09-04,15:29,BRIGADE,16.9056,17.1626,17.3771,17.7741,0.8685
2026-09-04,15:29,BRIGHOTEL,4.9887,4.9421,5.2071,5.2764,0.2877
2026-09-04,15:29,BRITANNIA,14.4294,14.3328,14.3084,14.4902,0.0608
2026-09-04,15:29,BRNL,47.2242,47.9127,47.9127,47.6016,0.3774
2026-09-04,15:29,BSL,38.0815,38.9658,38.9933,39.0318,0.9503
2026-09-04,15:29,BVCL,45.8702,45.8702,45.8702,47.2691,1.3989
2026-09-04,15:29,CALSOFT,37.4569,36.7373,36.6537,37.7027,0.2458
2026-09-04,15:29,CAMLINFINE,42.7806,40.6384,41.8851,44.2025,1.4219
2026-09-04,15:29,CAMPUS,10.0492,10.0187,10.2281,10.4908,0.4416
2026-09-04,15:29,CANTABIL,20.886,22.1835,22.3415,23.1703,2.2843
2026-09-04,15:29,CAPACITE,45.8889,45.6826,45.5288,46.4173,0.5284
2026-09-04,15:29,CAPILLARY,0,7.3082,6.83,7.1501,7.1501
2026-09-04,15:29,CAPITALSFB,51.9142,53.3603,53.267,53.5391,1.6249
2026-09-04,15:29,CAPLIPOINT,18.0167,17.4539,17.8777,18.0913,0.0746
2026-09-04,15:29,CARBORUNIV,19.8625,19.6068,20.4328,20.4254,0.5629
2026-09-04,15:29,CARTRADE,21.5381,25.4359,27.7851,29.9905,8.4524
2026-09-04,15:29,CASTROLIND,23.4749,24.4146,25.5482,26.1061,2.6312
2026-09-04,15:29,CDSL,59.2754,57.4834,59.2143,61.5703,2.2949
2026-09-04,15:29,CEATLTD,14.6328,14.4921,14.401,15.83,1.1972
2026-09-04,15:29,CEIGALL,9.7938,9.9668,9.4394,10.4128,0.619
2026-09-04,15:29,CELEBRITY,52.5284,52.5284,53.856,53.856,1.3276
2026-09-04,15:29,CELLO,4.9801,5.7733,6.3014,6.1727,1.1926
2026-09-04,15:29,CENTENKA,54.6033,54.535,54.5891,54.7079,0.1046
2026-09-04,15:29,CENTRALBK,4.9835,5.054,5.1615,6.936,1.9525
2026-09-04,15:29,CEWATER,21.3291,22.2434,23.5147,25.9151,4.586
2026-09-04,15:29,CHAMBLFERT,15.5019,17.1916,16.6287,16.7878,1.2859
2026-09-04,15:29,CHEMFAB,26.5221,26.547,26.6991,26.7397,0.2176
2026-09-04,15:29,CHEMPLASTS,6.2382,6.328,6.9132,9.2803,3.0421
2026-09-04,15:29,CHOICEIN,29.1788,32.9918,33.6903,35.0682,5.8894
2026-09-04,15:29,CIEINDIA,8.5028,8.2999,8.2022,8.6465,0.1437
2026-09-04,15:29,CIFL,27.0784,27.0313,27.3822,27.3624,0.284
2026-09-04,15:29,CLCIND,4.8888,4.9986,9.9985,9.9985,5.1097
2026-09-04,15:29,CLEAN,18.917,19.2642,18.1615,19.0999,0.1829
2026-09-04,15:29,CMICABLES,61.586,67.9351,75.5884,75.5912,14.0052
2026-09-04,15:29,CMSINFO,38.0913,39.1198,38.8541,40.2138,2.1225
2026-09-04,15:29,COALINDIA,5.9839,5.9766,5.6264,6.1911,0.2072
2026-09-04,15:29,COCHINSHIP,21.8939,22.3895,22.8782,22.2968,0.4029
2026-09-04,15:29,COFFEEDAY,85.3717,84.5621,84.1735,86.0715,0.6998
2026-09-04,15:29,COFORGE,10.8344,11.6016,12.9626,11.7044,0.87
2026-09-04,15:29,COHANCE,15.0782,14.8284,15.0279,15.8253,0.7471
2026-09-04,15:29,CONCOR,7.0175,7.4562,7.111,7.4918,0.4743
2026-09-04,15:29,CONCORDBIO,38.333,38.7564,38.9021,39.0338,0.7008
2026-09-04,15:29,CONFIPET,34.619,34.9176,35.1316,41.6168,6.9978
2026-09-04,15:29,CONSOFINVT,18.817,18.7989,20.4113,20.3051,1.4881
2026-09-04,15:29,CONTROLPR,41.8292,41.938,42.1462,42.2862,0.457
2026-09-04,15:29,CRISIL,13.31,13.5311,13.5184,13.9732,0.6632
2026-09-04,15:29,CRIZAC,12.5215,14.098,14.2912,15.2259,2.7044
2026-09-04,15:29,CROMPTON,12.8995,13.3858,13.0562,13.3189,0.4194
2026-09-04,15:29,CROWN,30.4352,30.4352,32.1829,32.1182,1.683
2026-09-04,15:29,CSBBANK,28.9344,29.4771,31.2137,31.5849,2.6505
2026-09-04,15:29,CUBEXTUB,54.6883,54.6168,54.6831,54.8711,0.1828
2026-09-04,15:29,CURAA,24.7483,24.7483,25.0008,25.0008,0.2525
2026-09-04,15:29,CYIENT,20.6446,21.8384,20.3045,23.0521,2.4075
2026-09-04,15:29,CYIENTDLM,16.9441,18.5884,20.4164,18.454,1.5099
2026-09-04,15:29,DALMIASUG,22.0785,22.3208,22.2865,22.367,0.2885
2026-09-04,15:29,DAMCAPITAL,45.9409,46.9794,48.3261,50.5418,4.6009
2026-09-04,15:29,DAMODARIND,28.7559,28.7607,28.7999,28.8448,0.0889
2026-09-04,15:29,DATAMATICS,32.3615,32.4603,32.8324,32.8962,0.5347
2026-09-04,15:29,DBL,27.8178,28.1612,28.7886,28.7525,0.9347
2026-09-04,15:29,DBREALTY,46.8563,47.0923,47.4289,47.6153,0.759
2026-09-04,15:29,DBSTOCKBRO,54.633,54.638,57.3801,57.4016,2.7686
2026-09-04,15:29,DCAL,31.2155,31.7274,31.5776,31.7316,0.5161
2026-09-04,15:29,DCI,35.1137,35.1584,36.6918,36.6462,1.5325
2026-09-04,15:29,DCMNVL,46.428,46.3803,46.5121,46.5116,0.0836
2026-09-04,15:29,DCMSRIND,32.2125,32.1887,32.5133,32.6106,0.3981
2026-09-04,15:29,DCW,45.2035,45.3071,46.8771,47.2892,2.0857
2026-09-04,15:29,DCXINDIA,42.9054,42.9122,43.8782,43.2164,0.311
2026-09-04,15:29,DDEVPLSTIK,21.4199,21.4946,21.8138,21.8031,0.3832
2026-09-04,15:29,DEEDEV,12.3866,14.1681,14.93,16.861,4.4744
2026-09-04,15:29,DEEPINDS,33.2453,33.6833,33.5539,33.4779,0.2326
2026-09-04,15:29,DELPHIFX,22.684,36.5904,37.0877,37.1088,14.4248
2026-09-04,15:29,DELTACORP,60.9124,62.9707,62.983,63.4269,2.5145
2026-09-04,15:29,DEN,24.3572,24.3343,24.3842,24.5793,0.2221
2026-09-04,15:29,DENTA,25.9333,26.4088,27.7595,27.7643,1.831
2026-09-04,15:29,DEVIT,32.6891,32.6859,32.6859,57.7369,25.0478
2026-09-04,15:29,DEVX,52.8563,55.2869,56.8233,59.6256,6.7693
2026-09-04,15:29,DEVYANI,8.3293,9.4735,9.2241,9.9491,1.6198
2026-09-04,15:29,DHANBANK,84.3359,84.2923,84.193,85.4084,1.0725
2026-09-04,15:29,DHARAN,44.6459,56.5855,60.6711,71.6122,26.9663
2026-09-04,15:29,DHRUV,45.5471,44.6163,48.3085,48.3712,2.8241
2026-09-04,15:29,DIAMONDYD,30.3907,32.4973,31.9471,31.0259,0.6352
2026-09-04,15:29,DIGISPICE,26.8004,26.9183,26.9183,26.9819,0.1815
2026-09-04,15:29,DIGITIDE,23.027,23.3196,23.2353,24.1811,1.1541
2026-09-04,15:29,DISHTV,81.7026,82.6844,83.9106,84.182,2.4794
2026-09-04,15:29,DIXON,21.2083,23.2964,24.7318,25.0411,3.8328
2026-09-04,15:29,DJML,43.4846,44.4792,43.785,44.1225,0.6379
2026-09-04,15:29,DLF,5.198,5.2705,5.3786,5.5097,0.3117
2026-09-04,15:29,DOLATALGO,24.8721,24.3937,24.8961,25.085,0.2129
2026-09-04,15:29,DOLLAR,22.5083,22.2161,21.5769,24.2553,1.747
2026-09-04,15:29,DPSCLTD,40.0314,40.0522,40.0534,40.2358,0.2044
2026-09-04,15:29,DRCSYSTEMS,77.3972,78.9708,78.9791,78.94,1.5428
2026-09-04,15:29,DVL,22.0006,21.964,22.0281,22.0447,0.0441
2026-09-04,15:29,DWARKESH,55.5722,55.6756,55.5328,55.6701,0.0979
2026-09-04,15:29,DYCL,29.6911,30.2582,29.654,30.1703,0.4792
2026-09-04,15:29,DYNAMATECH,31.3554,31.6012,31.8691,31.5144,0.159
2026-09-04,15:29,DYNPRO,69.4822,69.3368,69.9011,69.9421,0.4599
2026-09-04,15:29,E2E,53.1473,53.1615,53.0623,53.205,0.0577
2026-09-04,15:29,EASTSILK,5,5,7.7732,9.4559,4.4559
2026-09-04,15:29,ECLERX,9.4595,9.4405,9.6363,10.5619,1.1024
2026-09-04,15:29,ECOSMOBLTY,13.4482,15.7676,17.6269,18.5726,5.1244
2026-09-04,15:29,EICHERMOT,8.4437,8.3781,8.5665,8.6499,0.2062
2026-09-04,15:29,EIDPARRY,29.3264,28.7376,28.6813,29.9294,0.603
2026-09-04,15:29,EIEL,26.8717,28.4359,28.3637,28.454,1.5823
2026-09-04,15:29,EIHAHOTELS,11.0037,11.0037,11.0427,11.064,0.0603
2026-09-04,15:29,EKC,30.8893,30.6094,30.8051,30.9709,0.0816
2026-09-04,15:29,ELECTCAST,33.654,33.5218,33.2414,36.0426,2.3886
2026-09-04,15:29,ELGIEQUIP,35.8315,36.9938,36.9204,36.1786,0.3471
2026-09-04,15:29,ELGIRUBCO,30.2269,30.1788,30.2888,30.3024,0.0755
2026-09-04,15:29,ELIN,60.7087,60.1981,60.9103,63.5719,2.8632
2026-09-04,15:29,EMAMILTD,9.0693,9.2502,9.5092,10.1265,1.0572
2026-09-04,15:29,EMBDL,26.9048,28.4561,29.8239,30.6833,3.7785
2026-09-04,15:29,EMCURE,8.1429,8.5499,8.7977,8.814,0.6711
2026-09-04,15:29,EMSLIMITED,29.7968,30.0412,29.8419,30.1033,0.3065
2026-09-04,15:29,EMUDHRA,24.773,24.7823,28.511,30.5036,5.7306
2026-09-04,15:29,ENDURANCE,1.92,2.0967,2.0781,2.2423,0.3223
2026-09-04,15:29,ENIL,18.2575,18.591,18.7726,19.0846,0.8271
2026-09-04,15:29,ENTERO,23.258,26.0225,26.9293,27.7451,4.4871
2026-09-04,15:29,EPACK,38.5947,39.4039,39.766,41.7621,3.1674
2026-09-04,15:29,EPACKPEB,23.1397,19.1581,20.9234,31.1138,7.9741
2026-09-04,15:29,EPIGRAL,23.2783,23.6277,24.6737,24.5251,1.2468
2026-09-04,15:29,ERIS,9.7481,9.1603,10.6506,10.7134,0.9653
2026-09-04,15:29,ESAFSFB,31.4967,31.5151,32.0462,32.6355,1.1388
2026-09-04,15:29,ESCORTS,14.2088,13.8029,13.895,14.2705,0.0617
2026-09-04,15:29,ESSENTIA,83.9383,83.9614,83.9502,90.2374,6.2991
2026-09-04,15:29,ESTER,27.8411,27.7457,27.7202,28.752,0.9109
2026-09-04,15:29,ETERNAL,31.0714,31.0097,31.2779,31.4196,0.3482
2026-09-04,15:29,EUREKAFORB,15.2243,15.0116,15.5113,15.6187,0.3944
2026-09-04,15:29,EUROPRATIK,20.9936,22.885,24.4266,21.0614,0.0678
2026-09-04,15:29,EVERESTIND,38.8043,38.8863,38.925,39.0602,0.2559
2026-09-04,15:29,EXCELINDUS,37.9197,37.8615,37.947,38.8766,0.9569
2026-09-04,15:29,EXICOM,25.3736,26.0272,26.1206,30.5441,5.1705
2026-09-04,15:29,EXPLEOSOL,27.4712,28.0451,27.9425,28.1148,0.6436
2026-09-04,15:29,FABTECH,17.5224,29.0433,28.6008,28.5817,11.0593
2026-09-04,15:29,FAIRCHEMOR,26.7191,26.9348,26.2984,27.4938,0.7747
2026-09-04,15:29,FAZE3Q,40.6372,40.8379,40.6524,40.8013,0.1641
2026-09-04,15:29,FCL,31.4351,33.1346,33.625,33.4999,2.0648
2026-09-04,15:29,FCONSUMER,83.0042,86.0692,96.51,96.51,13.5058
2026-09-04,15:29,FDC,20.7996,21.4564,21.3555,22.3457,1.5461
2026-09-04,15:29,FEDFINA,18.397,19.8252,19.4343,18.8015,0.4045
2026-09-04,15:29,FILATFASH,75.1599,74.8412,80.4154,94.1024,18.9425
2026-09-04,15:29,FINEORG,8.4127,8.7735,8.9504,9.0026,0.5899
2026-09-04,15:29,FINOPB,18.9763,21.8556,23.2619,24.6808,5.7045
2026-09-04,15:29,FINPIPE,27.5687,27.3238,26.7473,28.2109,0.6422
2026-09-04,15:29,FIRSTCRY,39.8139,40.0992,39.4365,40.4257,0.6118
2026-09-04,15:29,FIVESTAR,12.8587,12.9927,14.4647,14.2115,1.3528
2026-09-04,15:29,FLEXITUFF,59.6996,59.6996,59.6996,60.19,0.4904
2026-09-04,15:29,FLFL,45.5847,45.653,47.7424,52.6341,7.0494
2026-09-04,15:29,FMGOETZE,23.902,24.0235,24.1377,24.1308,0.2288
2026-09-04,15:29,FORCEMOT,26.1835,25.6664,25.2534,26.9717,0.7882
2026-09-04,15:29,GANDHITUBE,23.0742,23.0399,23.0911,23.144,0.0698
2026-09-04,15:29,GANECOS,26.4748,28.9752,29.8075,32.7303,6.2555
2026-09-04,15:29,GANESHBE,50.4457,50.7184,53.4412,52.8155,2.3698
2026-09-04,15:29,GANESHCP,22.2018,25.0875,25.8059,25.0633,2.8615
2026-09-04,15:29,GANGAFORGE,58.5657,64.487,64.4862,64.4862,5.9205
2026-09-04,15:29,GARFIBRES,25.3771,26.5355,26.6435,26.3901,1.013
2026-09-04,15:29,GARUDA,27.3067,28.2282,29.0844,29.3205,2.0138
2026-09-04,15:29,GATECH,92.3539,98.8326,98.8073,98.6821,6.3282
2026-09-04,15:29,GATECHDVR,91.2687,99.7716,99.769,99.769,8.5003
2026-09-04,15:29,GATEWAY,19.8887,22.4565,25.4001,26.6498,6.7611
2026-09-04,15:29,GAYAHWS,35.5286,36.2633,36.9327,37.3462,1.8176
2026-09-04,15:29,GEMAROMA,18.003,21.194,18.7611,18.6406,0.6376
2026-09-04,15:29,GENESYS,62.1678,61.0556,63.4006,65.7136,3.5458
2026-09-04,15:29,GENSOL,35.2507,35.1171,35.3446,57.7633,22.5126
2026-09-04,15:29,GENUSPOWER,38.0293,38.1689,37.8988,38.3804,0.3511
2026-09-04,15:29,GEOJITFSL,44.2836,48.5942,49.5619,49.6779,5.3943
2026-09-04,15:29,GFLLIMITED,29.0927,30.0482,30.4526,30.473,1.3803
2026-09-04,15:29,GHCL,43.4701,44.0536,43.5085,45.1544,1.6843
2026-09-04,15:29,GHCLTEXTIL,58.1495,60.4674,61.2151,65.3249,7.1754
2026-09-04,15:29,GICHSGFIN,49.4778,50.0127,50.7402,53.2098,3.732
2026-09-04,15:29,GICRE,2.1686,2.3597,2.1367,2.4165,0.2479
2026-09-04,15:29,GILLETTE,9.45,9.9524,10.0005,10.516,1.066
2026-09-04,15:29,GINNIFILA,29.6025,29.5,29.5711,29.7218,0.1193
2026-09-04,15:29,GIPCL,26.7377,27.9904,27.7365,33.681,6.9433
2026-09-04,15:29,GKENERGY,9.2183,10.6267,10.5991,11.2166,1.9983
2026-09-04,15:29,GLAND,7.6251,7.6076,7.5166,9.0337,1.4086
2026-09-04,15:29,GLOBECIVIL,27.5265,27.7034,29.6206,29.2914,1.7649
2026-09-04,15:29,GLOSTERLTD,12.4711,12.5168,12.5209,12.7818,0.3107
2026-09-04,15:29,GLOTTIS,18.4709,22.1398,24.0697,24.0822,5.6113
2026-09-04,15:29,GMMPFAUDLR,28.2747,31.2235,30.5367,32.4818,4.2071
2026-09-04,15:29,GNA,19.347,19.6391,19.2949,20.9337,1.5867
2026-09-04,15:29,GOCOLORS,3.602,6.8783,12.9537,15.1692,11.5672
2026-09-04,15:29,GODAVARIB,24.1154,24.6734,25.32,26.4489,2.3335
2026-09-04,15:29,GODFRYPHLP,14.338,13.9985,15.1776,14.9396,0.6016
2026-09-04,15:29,GODREJAGRO,22.4692,20.5538,22.4362,22.801,0.3318
2026-09-04,15:29,GODREJPROP,13.6679,14.186,13.8888,13.9728,0.3049
2026-09-04,15:29,GOKEX,28.6592,27.7867,33.1101,32.6584,3.9992
2026-09-04,15:29,GOLDIAM,35.1976,38.5169,38.7853,37.5827,2.3851
2026-09-04,15:29,GOODYEAR,15.8674,15.933,16.0095,16.2392,0.3718
2026-09-04,15:29,GOPAL,9.9319,10.6377,10.8573,11.4372,1.5053
2026-09-04,15:29,GPIL,27.3682,28.0052,28.0195,27.6532,0.285
2026-09-04,15:29,GPTINFRA,16.0265,16.9521,16.8771,16.6374,0.6109
2026-09-04,15:29,GRASIM,22.2453,22.164,22.1346,22.3245,0.0792
2026-09-04,15:29,GRAUWEIL,29.1703,29.2501,29.3993,29.4892,0.3189
2026-09-04,15:29,GRAVITA,24.5633,23.6189,25.0093,25.7276,1.1643
2026-09-04,15:29,GREAVESCOT,36.8549,36.9619,37.7808,37.7844,0.9295
2026-09-04,15:29,GREENLAM,32.0887,32.754,33.2329,36.6076,4.5189
2026-09-04,15:29,GREENPANEL,16.4336,15.8528,17.3743,17.2679,0.8343
2026-09-04,15:29,GREENPLY,10.6414,10.7439,11.1123,12.1607,1.5193
2026-09-04,15:29,GREENPOWER,73.3265,73.2783,73.4834,73.8085,0.482
2026-09-04,15:29,GRINFRA,2.9729,3.0335,3.281,3.2772,0.3043
2026-09-04,15:29,GRMOVER,22.3409,20.8937,21.2437,22.4003,0.0594
2026-09-04,15:29,GROWW,0,11.5621,6.3618,6.8847,6.8847
2026-09-04,15:29,GRSE,20.2512,20.8989,20.306,20.3469,0.0957
2026-09-04,15:29,GSFC,35.71,36.592,36.1183,36.0918,0.3818
2026-09-04,15:29,GSLSU,23.7035,25.9924,25.0184,25.9944,2.2909
2026-09-04,15:29,GTLINFRA,62.9993,63.6664,64.5361,63.924,0.9247
2026-09-04,15:29,GTPL,16.5926,16.6517,17.6305,17.8171,1.2245
2026-09-04,15:29,GUJAPOLLO,47.3958,51.6201,51.9658,52.1486,4.7528
2026-09-04,15:29,GUJENERGY,13.122,12.9004,13.0469,18.4801,5.3581
2026-09-04,15:29,GUJTHEM,25.0052,25.9986,26.1598,26.192,1.1868
2026-09-04,15:29,GULFOILLUB,14.8602,14.4858,14.8423,15.5934,0.7332
2026-09-04,15:29,GVKPIL,45.2709,45.2677,45.3007,45.3754,0.1045
2026-09-04,15:29,HAPPSTMNDS,40.1655,40.2372,40.8213,44.0909,3.9254
2026-09-04,15:29,HAPPYFORGE,2.4348,2.9147,3.3006,4.0669,1.6321
2026-09-04,15:29,HARDWYN,55.3222,55.1326,55.1306,55.5481,0.2259
2026-09-04,15:29,HATHWAY,23.9145,24.1496,24.2725,24.6334,0.7189
2026-09-04,15:29,HATSUN,12.999,12.9778,13.1231,13.2408,0.2418
2026-09-04,15:29,HAVELLS,5.7447,5.8858,5.8949,6.4203,0.6756
2026-09-04,15:29,HBLENGINE,32.782,33.8479,33.8084,33.9364,1.1544
2026-09-04,15:29,HCC,66.7017,67.8539,68.0851,68.5953,1.8936
2026-09-04,15:29,HCL-INSYS,36.7605,36.7687,36.8027,36.8037,0.0432
2026-09-04,15:29,HCLTECH,4.6938,4.543,4.6325,5.4227,0.7289
2026-09-04,15:29,HDFCAMC,8.7532,8.7326,8.747,8.7982,0.045
2026-09-04,15:29,HDFCBANK,26.1584,25.9594,26.389,26.8519,0.6935
2026-09-04,15:29,HEADSUP,85.6257,85.8523,85.8592,85.8592,0.2335
2026-09-04,15:29,HECPROJECT,19.5838,19.5838,25.0657,25.0657,5.4819
2026-09-04,15:29,HEG,23.5113,22.4299,24.1005,25.2391,1.7278
2026-09-04,15:29,HEIDELBERG,14.7666,14.8331,14.899,15.3179,0.5513
2026-09-04,15:29,HERITGFOOD,48.7437,48.5965,49.009,49.0966,0.3529
2026-09-04,15:29,HESTERBIO,44.7563,44.707,44.8629,44.9353,0.179
2026-09-04,15:29,HEXATRADEX,7.5244,7.6641,7.322,7.7955,0.2711
2026-09-04,15:29,HGINFRA,14.2936,15.1606,16.1716,16.7321,2.4385
2026-09-04,15:29,HGS,19.9326,19.8936,19.9417,19.9782,0.0456
2026-09-04,15:29,HIKAL,21.4476,21.4388,21.4505,22.5851,1.1375
2026-09-04,15:29,HIMATSEIDE,44.2787,44.3424,45.4214,54.6654,10.3867
2026-09-04,15:29,HINDALCO,7.0943,7.7877,7.8179,7.8569,0.7626
2026-09-04,15:29,HINDCOPPER,21.8859,22.78,21.7103,23.0422,1.1563
2026-09-04,15:29,HINDOILEXP,97.2302,97.9382,97.831,97.4557,0.2255
2026-09-04,15:29,HINDPETRO,8.2833,7.993,8.165,8.5747,0.2914
2026-09-04,15:29,HINDWAREAP,37.4657,38.111,37.7735,38.0937,0.628
2026-09-04,15:29,HINDZINC,3.9948,4.0022,4.1101,4.1983,0.2035
2026-09-04,15:29,HIRECT,34.0018,34.4345,41.2452,40.9959,6.9941
2026-09-04,15:29,HLEGLAS,25.573,26.6911,26.2105,26.6205,1.0475
2026-09-04,15:29,HLVLTD,58.9086,58.8899,58.8561,59.0042,0.0956
2026-09-04,15:29,HMAAGRO,11.8999,12.1127,12.0965,16.7097,4.8098
2026-09-04,15:29,HOMEFIRST,15.1487,15.6231,16.2188,15.8331,0.6844
2026-09-04,15:29,HONASA,7.5626,8.3873,8.679,10.0655,2.5029
2026-09-04,15:29,HONDAPOWER,13.4091,13.3865,13.3966,13.4743,0.0652
2026-09-04,15:29,HTMEDIA,30.3443,30.3531,30.4173,30.4256,0.0813
2026-09-04,15:29,HUBTOWN,62.7268,63.0009,65.5542,65.1446,2.4178
2026-09-04,15:29,HUDCO,12.1364,11.5665,11.7418,12.4987,0.3623
2026-09-04,15:29,HYBRIDFIN,35.2962,35.2962,35.3908,35.6116,0.3154
2026-09-04,15:29,ICRA,15.0837,15.3309,15.6775,16.945,1.8613
2026-09-04,15:29,IEX,50.3389,53.601,55.5399,55.872,5.5331
2026-09-04,15:29,IFBIND,17.9368,18.0755,17.9932,18.1298,0.193
2026-09-04,15:29,IFGLEXPOR,12.3114,12.2376,12.5335,12.8038,0.4924
2026-09-04,15:29,IGCL,24.3131,26.3557,26.3505,26.4187,2.1056
2026-09-04,15:29,IGIL,7.8329,7.7479,8.3935,8.4607,0.6278
2026-09-04,15:29,IGL,9.151,8.6807,8.7917,9.7728,0.6218
2026-09-04,15:29,IIFL,24.033,23.0186,24.7081,28.5909,4.5579
2026-09-04,15:29,IIFLCAPS,18.8513,19.0028,19.1181,21.3352,2.4839
2026-09-04,15:29,IKIO,25.2122,25.1788,25.3405,25.8797,0.6675
2026-09-04,15:29,IL&FSENGG,28.6377,28.5736,28.8435,28.8568,0.2191
2026-09-04,15:29,IMAGICAA,23.1429,23.4197,23.3854,23.7201,0.5772
2026-09-04,15:29,IMPAL,60.4499,60.45,60.4264,63.2397,2.7898
2026-09-04,15:29,INDIAMART,16.3011,16.1972,18.175,18.8962,2.5951
2026-09-04,15:29,INDIANB,2.87,2.7072,2.5887,2.9732,0.1032
2026-09-04,15:29,INDIANHUME,24.0594,24.019,24.1021,25.5785,1.5191
2026-09-04,15:29,INDIASHLTR,12.2518,13.1701,13.1697,14.1292,1.8774
2026-09-04,15:29,INDIGO,5.2894,5.276,5.5978,6.2193,0.9299
2026-09-04,15:29,INDIGOPNTS,14.6208,13.7651,15.6913,15.1305,0.5097
2026-09-04,15:29,INDIQUBE,3.03,3.8507,3.8935,3.776,0.746
2026-09-04,15:29,INDOCO,20.743,21.5087,21.6893,22.0187,1.2757
2026-09-04,15:29,INDOFARM,25.1316,25.8731,25.9625,26.6945,1.5629
2026-09-04,15:29,INDORAMA,17.0824,17.2417,17.213,17.3284,0.246
2026-09-04,15:29,INDOSTAR,21.6521,25.2465,24.8585,24.8658,3.2137
2026-09-04,15:29,INDOTECH,24.2315,24.1543,24.722,27.4865,3.255
2026-09-04,15:29,INDOTHAI,39.4207,40.1531,41.728,42.1357,2.715
2026-09-04,15:29,INDOUS,29.828,29.828,31.532,31.7031,1.8751
2026-09-04,15:29,INDRAMEDCO,41.6847,44.3316,44.5885,44.5573,2.8726
2026-09-04,15:29,INDSWFTLAB,44.4532,44.9296,42.4476,45.3787,0.9255
2026-09-04,15:29,INFOBEAN,24.6891,24.0904,26.5134,26.7691,2.08
2026-09-04,15:29,INFY,21.3241,20.8911,20.0955,22.3034,0.9793
2026-09-04,15:29,INSECTICID,13.6857,13.8404,13.928,14.0345,0.3488
2026-09-04,15:29,INTELLECT,35.1891,34.3654,35.485,37.4247,2.2356
2026-09-04,15:29,INTENTECH,77.66,79.9686,88.4307,88.4469,10.7869
2026-09-04,15:29,INTERARCH,27.7924,29.3391,30.1103,29.6055,1.8131
2026-09-04,15:29,IPL,22.0521,22.9419,22.9706,24.6367,2.5846
2026-09-04,15:29,IRB,16.5829,16.2684,52.1271,51.9598,35.3769
2026-09-04,15:29,IRCTC,16.151,16.3979,17.8862,18.8384,2.6874
2026-09-04,15:29,IRFC,11.1776,11.1054,11.2893,11.9486,0.771
2026-09-04,15:29,IRIS,50.823,50.7346,50.4335,51.5199,0.6969
2026-09-04,15:29,IRISDOREME,37.9452,37.9501,38.0319,38.0887,0.1435
2026-09-04,15:29,IRMENERGY,40.4921,41.2297,42.5949,43.7861,3.294
2026-09-04,15:29,ITC,14.8579,14.6566,15.6825,16.3129,1.455
2026-09-04,15:29,ITCHOTELS,14.2464,22.7162,23.908,24.3388,10.0924
2026-09-04,15:29,IZMO,60.4983,60.9898,61.0187,60.9101,0.4118
2026-09-04,15:29,JAGRAN,20.8118,20.9474,22.4242,24.3737,3.5619
2026-09-04,15:29,JAIBALAJI,31.4906,31.2704,31.9866,32.2145,0.7239
2026-09-04,15:29,JAINREC,13.5614,13.9945,13.2781,15.4479,1.8865
2026-09-04,15:29,JARO,28.1302,32.2251,36.072,33.7526,5.6224
2026-09-04,15:29,JASH,53.3692,53.4281,53.9372,54.2623,0.8931
2026-09-04,15:29,JGCHEM,21.5293,22.3078,22.2629,22.7949,1.2656
2026-09-04,15:29,JINDALPOLY,21.5867,21.5224,22.4031,23.0252,1.4385
2026-09-04,15:29,JIOFIN,25.4826,25.2056,25.5549,25.6211,0.1385
2026-09-04,15:29,JKIL,25.0721,25.3476,25.6288,26.5028,1.4307
2026-09-04,15:29,JKIPL,13.8312,20.0187,20.0187,18.6518,4.8206
2026-09-04,15:29,JKLAKSHMI,18.5044,18.336,18.9169,18.6619,0.1575
2026-09-04,15:29,JKPAPER,28.2965,32.4124,24.6541,29.367,1.0705
2026-09-04,15:29,JLHL,32.6653,32.758,33.1832,32.7934,0.1281
2026-09-04,15:29,JMFINANCIL,19.2113,19.436,19.7035,20.3372,1.1259
2026-09-04,15:29,JNKINDIA,13.9366,16.3534,18.4773,20.3538,6.4172
2026-09-04,15:29,JPPOWER,52.3386,52.3127,52.2389,57.9348,5.5962
2026-09-04,15:29,JSFB,35.639,35.0353,39.6976,45.9756,10.3366
2026-09-04,15:29,JSLL,29.6506,29.9585,29.757,31.235,1.5844
2026-09-04,15:29,JSWCEMENT,8.8177,9.7124,9.4582,9.4209,0.6032
2026-09-04,15:29,JSWHL,10.8052,10.7011,10.9646,11.2506,0.4454
2026-09-04,15:29,JTEKTINDIA,11.6516,11.8684,11.8631,12.6564,1.0048
2026-09-04,15:29,JTLIND,43.2924,47.3786,47.3386,45.7613,2.4689
2026-09-04,15:29,JUBLCPL,24.4452,24.8177,24.8169,24.7786,0.3334
2026-09-04,15:29,JUBLFOOD,6.3625,6.1558,5.8504,6.8043,0.4418
2026-09-04,15:29,JUNIPER,4.4246,4.9806,5.4645,5.8246,1.4
2026-09-04,15:29,JUSTDIAL,10.864,10.9232,11.7079,12.7783,1.9143
2026-09-04,15:29,JWL,16.7553,16.8174,17.0787,18.0258,1.2705
2026-09-04,15:29,JYOTHYLAB,8.6487,8.9392,9.8689,11.3432,2.6945
2026-09-04,15:29,JYOTICNC,14.5551,14.2897,14.7514,18.5003,3.9452
2026-09-04,15:29,JYOTISTRUC,97.9282,98.4568,98.5029,98.6276,0.6994
2026-09-04,15:29,KABRAEXTRU,35.1878,35.7356,35.8197,35.8649,0.6771
2026-09-04,15:29,KALAMANDIR,23.9501,29.3559,29.934,32.1477,8.1976
2026-09-04,15:29,KALPATARU,4.1914,4.186,4.2738,4.5543,0.3629
2026-09-04,15:29,KALYANKJIL,8.4982,7.8766,8.4287,10.4621,1.9639
2026-09-04,15:29,KAMATHOTEL,37.2643,38.1212,37.9845,38.0246,0.7603
2026-09-04,15:29,KAMDHENU,47.3525,48.0508,48.6774,48.4857,1.1332
2026-09-04,15:29,KAYNES,12.0774,20.8385,24.0293,28.8392,16.7618
2026-09-04,15:29,KCP,50.1471,50.5218,50.6241,50.8353,0.6882
2026-09-04,15:29,KDDL,38.705,38.5009,38.674,38.8524,0.1474
2026-09-04,15:29,KEC,10.1404,11.3347,11.8596,15.3199,5.1795
2026-09-04,15:29,KELLTONTEC,56.1002,60.3349,61.1137,61.2893,5.1891
2026-09-04,15:29,KENNAMET,10.0259,10.2789,10.4552,11.2784,1.2525
2026-09-04,15:29,KESORAMIND,44.7937,48.7242,48.9137,48.8299,4.0362
2026-09-04,15:29,KFINTECH,26.7395,26.0804,25.6592,29.1479,2.4084
2026-09-04,15:29,KHADIM,36.7229,37.0731,37.5494,38.6369,1.914
2026-09-04,15:29,KHAICHEM,23.2079,23.4659,23.5152,23.7566,0.5487
2026-09-04,15:29,KIRIINDUS,39.5756,42.6376,43.0693,39.6799,0.1043
2026-09-04,15:29,KIRLOSIND,24.3724,25.0482,25.0672,25.0864,0.714
2026-09-04,15:29,KITEX,40.9515,41.3777,41.4376,41.1262,0.1747
2026-09-04,15:29,KMSUGAR,42.7738,42.8184,43.2988,43.3694,0.5956
2026-09-04,15:29,KNAGRI,27.524,27.484,25.8823,27.8787,0.3547
2026-09-04,15:29,KNRCON,22.1529,23.7782,25.5719,28.4507,6.2978
2026-09-04,15:29,KOPRAN,54.9741,55.2147,55.0007,55.0574,0.0833
2026-09-04,15:29,KOVAI,35.8164,35.8796,36.2993,36.5389,0.7225
2026-09-04,15:29,KPIGREEN,41.3739,41.4231,41.6112,41.7518,0.3779
2026-09-04,15:29,KPIL,10.237,10.678,10.2583,10.6868,0.4498
2026-09-04,15:29,KPITTECH,22.6085,21.5641,22.5817,24.4798,1.8713
2026-09-04,15:29,KRIDHANINF,51.8575,51.854,53.3224,58.3212,6.4637
2026-09-04,15:29,KRISHIVAL,50.9752,50.9679,51.4059,51.3539,0.3787
2026-09-04,15:29,KROSS,21.8929,23.4378,22.8291,22.8707,0.9778
2026-09-04,15:29,KRYSTAL,23.8456,24.0157,25.0283,24.5098,0.6642
2026-09-04,15:29,KSB,13.887,13.5829,13.7205,14.1582,0.2712
2026-09-04,15:29,KSCL,16.2235,16.7342,18.049,18.429,2.2055
2026-09-04,15:29,KSOLVES,40.9377,40.9119,40.9735,41.0505,0.1128
2026-09-04,15:29,KSR,34.0657,34.7403,39.0469,39.058,4.9923
2026-09-04,15:29,KTKBANK,67.0064,68.9156,72.0872,70.778,3.7716
2026-09-04,15:29,LAL,42.2708,42.2708,42.5509,43.4193,1.1485
2026-09-04,15:29,LALPATHLAB,6.3888,7.2256,8.1572,7.7903,1.4015
2026-09-04,15:29,LANDMARK,26.1114,23.8992,24.3648,26.7044,0.593
2026-09-04,15:29,LANDSMILL,79.7461,79.5518,79.4233,84.8959,5.1498
2026-09-04,15:29,LAOPALA,13.0117,13.2562,13.2774,14.1974,1.1857
2026-09-04,15:29,LAXMIDENTL,13.7743,15.0186,16.5005,17.2108,3.4365
2026-09-04,15:29,LAXMIINDIA,29.917,31.6297,33.7678,33.1188,3.2018
2026-09-04,15:29,LCCINFOTEC,53.0748,52.7932,52.9591,53.3701,0.2953
2026-09-04,15:29,LEMERITE,38.1313,40.0365,39.967,40.3442,2.2129
2026-09-04,15:29,LEMONTREE,21.2996,21.4972,25.1592,28.6208,7.3212
2026-09-04,15:29,LEXUS,44.8671,45.6743,46.8778,47.087,2.2199
2026-09-04,15:29,LFIC,44.0453,44.0453,44.0453,44.1453,0.1
2026-09-04,15:29,LGHL,24.6927,24.9277,24.9254,24.9215,0.2288
2026-09-04,15:29,LICI,2.0222,1.9563,1.9081,2.069,0.0468
2026-09-04,15:29,LINCOLN,44.7956,45.2109,43.6412,45.0587,0.2631
2026-09-04,15:29,LINDEINDIA,15.4906,15.6207,15.6822,15.7916,0.301
2026-09-04,15:29,LLOYDSENGG,48.3197,48.5448,55.8932,51.1324,2.8127
2026-09-04,15:29,LLOYDSME,32.4507,32.2117,34.0224,33.7165,1.2658
2026-09-04,15:29,LMW,53.3675,53.4335,53.5905,53.776,0.4085
2026-09-04,15:29,LODHA,1.2791,1.4754,1.8602,2.4639,1.1848
2026-09-04,15:29,LOKESHMACH,46.0736,46.0738,46.0768,49.3687,3.2951
2026-09-04,15:29,LOTUSDEV,11.6181,12.6111,14.611,14.2726,2.6545
2026-09-04,15:29,LOTUSEYE,58.0256,59.1051,59.6424,59.5945,1.5689
2026-09-04,15:29,LT,37.17,36.9208,37.7871,37.6326,0.4626
2026-09-04,15:29,LTTS,7.5972,7.607,7.9144,8.2966,0.6994
2026-09-04,15:29,LUXIND,19.9105,19.9813,20.2535,20.2783,0.3678
2026-09-04,15:29,LXCHEM,25.3129,25.1383,25.1612,25.8698,0.5569
2026-09-04,15:29,M&M,14.57,14.5896,14.8498,15.0285,0.4585
2026-09-04,15:29,M&MFIN,5.6191,6.0476,6.0145,6.4819,0.8628
2026-09-04,15:29,MAANALU,39.2187,38.0897,41.0521,40.945,1.7263
2026-09-04,15:29,MACPOWER,25.4215,25.4404,26.8276,25.8172,0.3957
2026-09-04,15:29,MADRASFERT,14.5712,14.6708,14.6573,14.6558,0.0846
2026-09-04,15:29,MAGADSUGAR,37.4123,37.4109,37.355,37.4745,0.0622
2026-09-04,15:29,MAHASTEEL,25.0655,24.4629,25.5824,25.6464,0.5809
2026-09-04,15:29,MAHLIFE,16.7314,16.6635,16.8071,17.1674,0.436
2026-09-04,15:29,MAHSCOOTER,37.4032,37.357,37.4419,37.501,0.0978
2026-09-04,15:29,MAITHANALL,23.5369,23.7124,23.7505,23.9441,0.4072
2026-09-04,15:29,MALLCOM,25.7204,26.2885,26.2744,26.0233,0.3029
2026-09-04,15:29,MANGALAM,49.4836,64.2222,64.0242,64.1471,14.6635
2026-09-04,15:29,MANGLMCEM,45.3289,45.7564,46.5863,46.6559,1.327
2026-09-04,15:29,MANINFRA,30.4533,31.5968,31.7927,34.4168,3.9635
2026-09-04,15:29,MANORAMA,38.7153,39.3599,39.7929,39.8331,1.1178
2026-09-04,15:29,MANORG,32.3979,32.4038,31.0045,32.45,0.0521
2026-09-04,15:29,MAPMYINDIA,27.5191,27.3698,27.7104,30.9089,3.3898
2026-09-04,15:29,MARALOVER,19.747,24.9707,24.984,24.9707,5.2237
2026-09-04,15:29,MARATHON,21.0749,24.0188,23.2678,23.6641,2.5892
2026-09-04,15:29,MARUTI,3.2908,3.0287,3.1672,3.3377,0.0469
2026-09-04,15:29,MATRIMONY,16.0096,15.9553,15.2266,17.1897,1.1801
2026-09-04,15:29,MAWANASUG,35.8567,36.0014,35.9013,36.0044,0.1477
2026-09-04,15:29,MAXHEALTH,4.4001,4.4898,4.547,4.525,0.1249
2026-09-04,15:29,MAZDOCK,11.1532,11.6112,11.9485,12.0397,0.8865
2026-09-04,15:29,MBAPL,24.4836,24.9404,25.0526,24.5574,0.0738
2026-09-04,15:29,MBEL,11.3503,15.0607,16.8754,18.8924,7.5421
2026-09-04,15:29,MCL,33.6649,34.7923,34.7923,34.7923,1.1274
2026-09-04,15:29,MCLEODRUSS,89.6449,90.2157,89.8323,90.2292,0.5843
2026-09-04,15:29,MCLOUD,41.2713,45.6961,45.7124,45.7222,4.4509
2026-09-04,15:29,MEDICAMEQ,42.0531,42.2709,42.6577,42.2815,0.2284
2026-09-04,15:29,MEDICO,38.3041,38.1258,38.5928,38.5401,0.236
2026-09-04,15:29,MEIL,16.4823,16.9908,18.5816,19.6357,3.1534
2026-09-04,15:29,MEP,68.7082,69.5224,69.795,72.1115,3.4033
2026-09-04,15:29,METROPOLIS,4.458,4.6544,4.8475,4.9229,0.4649
2026-09-04,15:29,MFSL,5.9967,6.0173,5.8736,6.1071,0.1104
2026-09-04,15:29,MGL,11.0151,11.7814,12.3477,11.7528,0.7377
2026-09-04,15:29,MHRIL,17.7998,17.3609,16.9409,18.2484,0.4486
2026-09-04,15:29,MICEL,41.8267,44.318,46.4634,42.8463,1.0196
2026-09-04,15:29,MIDHANI,15.7944,16.8211,16.8621,16.0622,0.2678
2026-09-04,15:29,MINDACORP,7.8718,7.6137,7.5059,7.967,0.0952
2026-09-04,15:29,MITCON,69.9663,73.4208,73.3921,71.5522,1.5859
2026-09-04,15:29,MMFL,33.4351,33.2585,33.3176,33.6247,0.1896
2026-09-04,15:29,MOBIKWIK,53.2754,55.0872,54.7608,62.9769,9.7015
2026-09-04,15:29,MODIS,23.9517,23.8774,26.2348,25.3314,1.3797
2026-09-04,15:29,MOIL,22.4791,23.6116,23.4544,24.6929,2.2138
2026-09-04,15:29,MOL,49.3938,49.5397,49.5558,49.9933,0.5995
2026-09-04,15:29,MOLDTKPAC,35.3968,35.6583,35.3733,35.889,0.4922
2026-09-04,15:29,MOREPENLAB,54.1826,54.4287,54.464,54.4931,0.3105
2026-09-04,15:29,MOSCHIP,57.3775,58.396,59.6038,59.7567,2.3792
2026-09-04,15:29,MOTILALOFS,18.8647,18.9375,19.323,19.0739,0.2092
2026-09-04,15:29,MOTISONS,33.4112,33.032,32.6214,39.246,5.8348
2026-09-04,15:29,MPHASIS,4.267,4.3237,4.2513,4.607,0.34
2026-09-04,15:29,MRF,40.5232,40.5164,40.9336,41.6879,1.1647
2026-09-04,15:29,MSUMI,11.3807,10.9158,11.0708,11.4673,0.0866
2026-09-04,15:29,MUFIN,31.4285,34.8037,40.8074,38.9657,7.5372
2026-09-04,15:29,MUKKA,23.3099,24.8038,24.9704,24.9321,1.6222
2026-09-04,15:29,MUKTAARTS,27.8303,29.0327,29.0327,29.077,1.2467
2026-09-04,15:29,MUNJALSHOW,33.1936,34.3707,34.4544,34.4381,1.2445
2026-09-04,15:29,MUTHOOTCAP,32.5335,33.1378,33.6434,33.6993,1.1658
2026-09-04,15:29,MUTHOOTFIN,3.692,3.7589,3.913,4.2712,0.5792
2026-09-04,15:29,NAGAFERT,42.5826,44.1551,44.1564,44.1596,1.577
2026-09-04,15:29,NAHARINDUS,21.3159,21.3239,21.3433,21.3563,0.0404
2026-09-04,15:29,NARMADA,40.7406,40.711,40.198,42.3278,1.5872
2026-09-04,15:29,NATCAPSUQ,47.5467,47.4123,47.642,47.7736,0.2269
2026-09-04,15:29,NATHBIOGEN,53.317,54.0802,54.1612,54.1232,0.8062
2026-09-04,15:29,NAVA,38.1977,38.3352,37.9222,38.3656,0.1679
2026-09-04,15:29,NAVKARCORP,27.4637,27.7599,27.8059,28.9422,1.4785
2026-09-04,15:29,NAVKARURB,63.2059,64.9883,45.8139,64.9999,1.794
2026-09-04,15:29,NAZARA,43.5786,46.6082,46.8064,49.3746,5.796
2026-09-04,15:29,NBCC,22.0275,20.7997,22.5034,22.2009,0.1734
2026-09-04,15:29,NBIFIN,15.7388,15.7388,15.7663,15.7928,0.054
2026-09-04,15:29,NCLIND,52.284,52.6365,52.0951,52.5702,0.2862
2026-09-04,15:29,NDGL,18.9795,19.3028,19.3058,19.3537,0.3742
2026-09-04,15:29,NDRAUTO,26.5596,26.6923,26.6581,26.648,0.0884
2026-09-04,15:29,NELCAST,24.2554,24.4912,24.5783,24.5422,0.2868
2026-09-04,15:29,NEOGEN,18.3948,22.2075,21.6712,23.2813,4.8865
2026-09-04,15:29,NESCO,20.8301,21.2582,21.2358,21.3249,0.4948
2026-09-04,15:29,NETWEB,14.6202,16.1498,19.0404,17.8356,3.2154
2026-09-04,15:29,NETWORK18,36.4168,36.6911,36.6882,38.6514,2.2346
2026-09-04,15:29,NEWGEN,18.2021,18.6047,22.2079,23.6725,5.4704
2026-09-04,15:29,NFL,18.5675,18.3779,18.296,19.8058,1.2383
2026-09-04,15:29,NGLFINE,27.2636,27.264,27.2367,27.4336,0.17
2026-09-04,15:29,NH,17.597,17.7121,17.5945,18.2682,0.6712
2026-09-04,15:29,NIITMTS,24.2707,24.0606,24.3387,25.5722,1.3015
2026-09-04,15:29,NILAINFRA,36.5647,36.6363,36.6018,36.6298,0.0651
2026-09-04,15:29,NILASPACES,36.7594,37.0596,37.0607,37.1036,0.3442
2026-09-04,15:29,NILKAMAL,19.7527,19.8855,20.3965,21.2284,1.4757
2026-09-04,15:29,NIRAJ,74.4735,75.0153,75.0168,74.9795,0.506
2026-09-04,15:29,NLCINDIA,6.3646,6.5198,5.8729,8.6192,2.2546
2026-09-04,15:29,NORTHARC,34.3325,35.3879,36.2651,40.3971,6.0646
2026-09-04,15:29,NOVAAGRI,39.3654,39.3515,39.1615,39.5021,0.1367
2026-09-04,15:29,NRBBEARING,22.131,24.2463,23.9352,22.3766,0.2456
2026-09-04,15:29,NUCLEUS,19.5393,19.9159,20.526,21.4078,1.8685
2026-09-04,15:29,NUVOCO,5.0567,4.6955,4.8913,5.2744,0.2177
2026-09-04,15:29,OCCLLTD,41.6131,41.8884,41.9081,41.7744,0.1613
2026-09-04,15:29,OILCOUNTUB,38.6482,48.2782,48.3056,48.3221,9.6739
2026-09-04,15:29,OLAELEC,34.4416,38.889,39.7892,37.4782,3.0366
2026-09-04,15:29,OMAXE,18.1553,19.0898,18.0206,19.0278,0.8725
2026-09-04,15:29,OMFREIGHT,21.084,21.7175,23.9535,24.215,3.131
2026-09-04,15:29,ONELIFECAP,47.899,47.899,73.9663,73.9663,26.0673
2026-09-04,15:29,ONEPOINT,32.1494,37.8452,37.849,39.7151,7.5657
2026-09-04,15:29,ONIDA,45.956,58.9329,58.9419,58.888,12.932
2026-09-04,15:29,ONMOBILE,51.695,51.6835,51.0051,51.8549,0.1599
2026-09-04,15:29,ONWARDTEC,38.4977,39.342,38.2911,39.7889,1.2912
2026-09-04,15:29,OPTIEMUS,23.4454,23.2328,23.5143,23.6045,0.1591
2026-09-04,15:29,ORCHASP,50.2375,50.8744,51.5522,51.0289,0.7914
2026-09-04,15:29,ORIENTALTL,72.7911,72.7911,72.7911,74.1515,1.3604
2026-09-04,15:29,ORIENTCEM,18.8248,20.5305,20.2346,20.6074,1.7826
2026-09-04,15:29,ORIENTHOT,28.5318,29.9393,29.3913,29.086,0.5542
2026-09-04,15:29,ORIENTPPR,58.1783,58.2154,58.4045,58.5438,0.3655
2026-09-04,15:29,ORIENTTECH,26.0729,26.6034,26.5941,29.2866,3.2137
2026-09-04,15:29,ORISSAMINE,35.8329,37.7567,37.7097,37.8763,2.0434
2026-09-04,15:29,OSIAHYPER,49.9052,52.3719,53.247,65.6769,15.7717
2026-09-04,15:29,OSWALPUMPS,10.577,12.6922,16.8805,18.7848,8.2078
2026-09-04,15:29,PACEDIGITK,20.6528,22.036,22.971,23.1097,2.4569
2026-09-04,15:29,PAISALO,29.4563,29.6712,33.0575,39.6633,10.207
2026-09-04,15:29,PALREDTEC,66.7007,67.723,68.0986,68.0986,1.3979
2026-09-04,15:29,PARADEEP,17.2236,16.9234,17.659,18.2372,1.0136
2026-09-04,15:29,PARAGMILK,40.8586,39.3506,40.7454,41.6759,0.8173
2026-09-04,15:29,PARSVNATH,47.9218,47.6311,48.4994,51.9854,4.0636
2026-09-04,15:29,PASHUPATI,20.4588,20.4138,20.5983,20.8873,0.4285
2026-09-04,15:29,PATANJALI,7.081,7.8647,10.4875,12.1656,5.0846
2026-09-04,15:29,PATELENG,56.5267,60.1105,59.4525,60.4375,3.9108
2026-09-04,15:29,PATELRMART,22.1343,23.2921,24.1207,24.4371,2.3028
2026-09-04,15:29,PAUSHAKLTD,27.6978,27.7369,28.2109,28.5663,0.8685
2026-09-04,15:29,PAVNAIND,32.4391,32.7801,33.4382,33.7049,1.2658
2026-09-04,15:29,PDMJEPAPER,25.9955,25.9507,25.9739,26.0757,0.0802
2026-09-04,15:29,PDSL,28.2081,29.2293,29.5301,29.6482,1.4401
2026-09-04,15:29,PEARLPOLY,44.0815,44.3326,44.3843,44.3843,0.3028
2026-09-04,15:29,PENINLAND,30.8411,30.8687,30.8454,30.9637,0.1226
2026-09-04,15:29,PERSISTENT,17.4753,17.5968,17.0867,18.6645,1.1892
2026-09-04,15:29,PFIZER,15.452,15.3555,15.422,15.6915,0.2395
2026-09-04,15:29,PFS,27.7411,27.7528,27.8051,27.9006,0.1595
2026-09-04,15:29,PGHH,11.886,11.9519,12.1276,12.4971,0.6111
2026-09-04,15:29,PGHL,26.65,26.985,27.9265,29.0464,2.3964
2026-09-04,15:29,PICCADIL,24.314,24.3033,24.8635,25.0839,0.7699
2026-09-04,15:29,PINELABS,0,11.4768,11.3568,18.5926,18.5926
2026-09-04,15:29,PLASTIBLEN,33.827,34.0754,34.0785,34.0724,0.2454
2026-09-04,15:29,PLATIND,25.4064,26.3383,25.7216,25.8822,0.4758
2026-09-04,15:29,PLAZACABLE,28.6756,30.1131,30.1408,30.1704,1.4948
2026-09-04,15:29,PNBGILTS,25.2602,25.0224,25.478,25.7147,0.4545
2026-09-04,15:29,PNC,39.7992,40.2831,40.2831,40.2831,0.4839
2026-09-04,15:29,PNCINFRA,10.4332,10.7696,12.2074,12.8126,2.3794
2026-09-04,15:29,PNGJL,10.9848,11.337,11.4513,11.6426,0.6578
2026-09-04,15:29,POCL,51.6751,51.2929,51.0261,52.7201,1.045
2026-09-04,15:29,POLYMED,14.2681,14.3383,16.0749,15.9259,1.6578
2026-09-04,15:29,PONNIERODE,40.2113,40.9073,40.9499,41.0901,0.8788
2026-09-04,15:29,POWERMECH,13.6545,14.5815,14.9251,14.4391,0.7846
2026-09-04,15:29,PPLPHARMA,19.7797,19.7334,19.5524,19.9389,0.1592
2026-09-04,15:29,PRABHA,19.1538,19.1435,18.9227,23.01,3.8562
2026-09-04,15:29,PRAJIND,32.7322,36.0645,36.5977,35.1749,2.4427
2026-09-04,15:29,PRAKASH,50.6856,51.0146,51.1641,51.3248,0.6392
2026-09-04,15:29,PRAXIS,90.2582,91.1394,91.1394,91.1393,0.8811
2026-09-04,15:29,PRECOT,36.8172,36.8249,36.8294,36.8949,0.0777
2026-09-04,15:29,PRICOLLTD,29.269,31.0774,32.2612,34.5647,5.2957
2026-09-04,15:29,PRINCEPIPE,19.3916,19.9105,19.9676,20.6634,1.2718
2026-09-04,15:29,PRIVISCL,24.0281,27.3157,27.1265,27.1418,3.1137
2026-09-04,15:29,PROSTARM,20.88,25.7698,25.5006,25.7622,4.8822
2026-09-04,15:29,PROTEAN,70.4648,70.9223,70.0531,72.7554,2.2906
2026-09-04,15:29,PRSMJOHNSN,14.8738,14.4795,14.644,15.0632,0.1894
2026-09-04,15:29,PRUDMOULI,37.9784,42.3924,42.3924,42.7027,4.7243
2026-09-04,15:29,PSB,1.9575,1.9878,2.097,2.2003,0.2428
2026-09-04,15:29,PURVA,7.2732,7.3006,7.7198,7.7799,0.5067
2026-09-04,15:29,PVP,37.5096,37.6009,38.031,38.4019,0.8923
2026-09-04,15:29,PVRINOX,15.2809,16.7519,18.1384,18.6341,3.3532
2026-09-04,15:29,PVSL,17.6702,18.1778,18.32,18.4896,0.8194
2026-09-04,15:29,PWL,0,2.561,2.6791,3.5984,3.5984
2026-09-04,15:29,QUADFUTURE,23.7242,26.897,28.2815,26.0807,2.3565
2026-09-04,15:29,QUESS,19.0303,21.362,22.2155,22.585,3.5547
2026-09-04,15:29,QUICKHEAL,25.3747,25.5501,26.5273,27.9732,2.5985
2026-09-04,15:29,QUINTEGRA,86.4352,86.4369,86.3906,89.2306,2.7954
2026-09-04,15:29,RACE,53.9049,53.9172,53.9172,54.6204,0.7155
2026-09-04,15:29,RADIANTCMS,40.3211,41.9662,41.8372,41.8796,1.5585
2026-09-04,15:29,RAIN,42.1792,43.772,46.8245,46.3527,4.1735
2026-09-04,15:29,RAINBOW,10.8228,11.4256,11.7703,11.549,0.7262
2026-09-04,15:29,RAJESHEXPO,19.5642,19.2331,20.3998,22.0152,2.451
2026-09-04,15:29,RAJOOENG,33.8389,36.1144,36.4149,37.0926,3.2537
2026-09-04,15:29,RAJRILTD,5.7155,5.7452,5.7465,5.7805,0.065
2026-09-04,15:29,RAJSREESUG,54.8999,54.9362,54.9456,54.9477,0.0478
2026-09-04,15:29,RAJVIR,24.4698,25.0394,25.0394,25.0394,0.5696
2026-09-04,15:29,RALLIS,18.6346,20.6537,21.1669,23.1986,4.564
2026-09-04,15:29,RAMASTEEL,48.4841,54.8772,54.595,62.6382,14.1541
2026-09-04,15:29,RAMCOIND,40.0376,40.7802,40.6836,40.4268,0.3892
2026-09-04,15:29,RANEHOLDIN,44.1346,44.3134,44.2508,44.8144,0.6798
2026-09-04,15:29,RATNAMANI,9.7937,9.7033,9.7006,9.9265,0.1328
2026-09-04,15:29,RATNAVEER,48.0537,47.8574,46.4514,48.9791,0.9254
2026-09-04,15:29,RAYMOND,32.8982,35.6086,36.6958,38.3588,5.4606
2026-09-04,15:29,RAYMONDLSL,25.4094,25.9119,25.6584,26.3376,0.9282
2026-09-04,15:29,RAYMONDREL,34.433,37.0437,36.7587,39.3283,4.8953
2026-09-04,15:29,RBA,22.2504,34.3364,32.2225,41.6301,19.3797
2026-09-04,15:29,RBZJEWEL,24.6877,24.9364,24.9307,24.9693,0.2816
2026-09-04,15:29,RCOM,91.0142,93.9271,93.9272,93.9272,2.913
2026-09-04,15:29,RECLTD,12.6396,13.4775,14.6186,14.5608,1.9212
2026-09-04,15:29,REDINGTON,20.7061,21.1624,20.7251,21.5989,0.8928
2026-09-04,15:29,REGAAL,22.6136,24.5861,25.5176,25.7897,3.1761
2026-09-04,15:29,RELAXO,15.7595,15.7903,15.8929,15.8959,0.1364
2026-09-04,15:29,RELCHEMQ,28.6961,28.7277,28.7327,28.7367,0.0406
2026-09-04,15:29,RELIABLE,28.2326,31.8907,31.7611,31.8745,3.6419
2026-09-04,15:29,RELIANCE,11.8379,11.5494,11.6098,11.8897,0.0518
2026-09-04,15:29,RELINFRA,72.0101,73.5771,73.459,74.5154,2.5053
2026-09-04,15:29,RELTD,22.9137,23.418,23.7385,28.2638,5.3501
2026-09-04,15:29,REMSONSIND,27.8412,29.2434,30.6082,32.9786,5.1374
2026-09-04,15:29,RENUKA,23.7632,23.9513,23.7471,26.0551,2.2919
2026-09-04,15:29,RHL,30.6838,32.7168,30.3383,32.7168,2.033
2026-09-04,15:29,RIIL,51.9063,51.8619,51.8693,52.0773,0.171
2026-09-04,15:29,RISHABH,17.713,17.8338,17.5147,18.6316,0.9186
2026-09-04,15:29,RITCO,34.4783,34.435,34.4774,34.5639,0.0856
2026-09-04,15:29,RKEC,33.0916,33.0852,33.3534,38.1958,5.1042
2026-09-04,15:29,RKFORGE,30.5842,31.077,30.4026,31.0142,0.43
2026-09-04,15:29,RKSWAMY,24.0957,25.1681,26.6738,27.5533,3.4576
2026-09-04,15:29,RML,27.7398,28.1446,28.1679,28.0854,0.3456
2026-09-04,15:29,ROLEXRINGS,8.7363,10.4985,11.4907,13.6083,4.872
2026-09-04,15:29,ROSSARI,10.9486,11.2558,11.46,15.1932,4.2446
2026-09-04,15:29,ROSSELLIND,20.4912,21.0701,21.6474,21.6666,1.1754
2026-09-04,15:29,ROSSTECH,20.4163,20.0706,19.2303,21.877,1.4607
2026-09-04,15:29,ROTO,30.7826,30.5656,31.4369,31.4562,0.6736
2026-09-04,15:29,ROUTE,14.9722,16.4235,18.6424,19.2891,4.3169
2026-09-04,15:29,RPOWER,58.0209,57.7191,58.2382,58.1226,0.1017
2026-09-04,15:29,RPPINFRA,60.7056,60.7944,60.6741,60.7864,0.0808
2026-09-04,15:29,RPSGVENT,29.2848,30.9037,30.9834,31.1156,1.8308
2026-09-04,15:29,RPTECH,16.9533,16.8865,17.7353,19.9996,3.0463
2026-09-04,15:29,RRKABEL,15.9063,15.9293,15.9066,16.0691,0.1628
2026-09-04,15:29,RSSOFTWARE,54.6454,54.6699,55.3742,55.0699,0.4245
2026-09-04,15:29,RSWM,41.217,41.1767,41.2363,41.3739,0.1569
2026-09-04,15:29,RSYSTEMS,35.3527,34.9397,35.5713,37.5802,2.2275
2026-09-04,15:29,RTNINDIA,18.8911,18.8679,19.5003,19.6663,0.7752
2026-09-04,15:29,RUCHIRA,30.3197,30.3686,30.3699,30.3808,0.0611
2026-09-04,15:29,RUPA,21.5505,21.8463,22.3988,23.068,1.5175
2026-09-04,15:29,RUSTOMJEE,2.9161,5.7057,5.7302,6.6615,3.7454
2026-09-04,15:29,RVNL,16.088,15.7924,15.872,18.1429,2.0549
2026-09-04,15:29,SADBHAV,73.9596,74.1276,74.1475,74.2678,0.3082
2026-09-04,15:29,SADBHIN,26.9406,27.178,27.5775,27.5775,0.6369
2026-09-04,15:29,SAFARI,13.0358,12.7227,12.8499,13.4307,0.3949
2026-09-04,15:29,SAGARDEEP,25.7578,26.4433,27.3129,27.3129,1.5551
2026-09-04,15:29,SAGCEM,30.5612,30.632,30.6186,30.772,0.2108
2026-09-04,15:29,SAGILITY,12.1526,17.4399,16.74,17.6434,5.4908
2026-09-04,15:29,SAKAR,22.4091,22.7333,22.8728,23.9772,1.5681
2026-09-04,15:29,SAKSOFT,29.8026,29.8572,29.8019,29.925,0.1224
2026-09-04,15:29,SALASAR,48.4101,48.4446,47.7931,49.5996,1.1895
2026-09-04,15:29,SAMBHV,38.5277,39.5084,39.2075,39.1499,0.6222
2026-09-04,15:29,SAMHI,37.3207,37.4635,38.8703,37.5845,0.2638
2026-09-04,15:29,SAMPANN,30.5059,30.431,30.5059,35.1361,4.6302
2026-09-04,15:29,SANGAMIND,26.3712,26.8666,26.7632,26.6537,0.2825
2026-09-04,15:29,SANOFI,11.536,12.5326,12.6262,13.8442,2.3082
2026-09-04,15:29,SANSERA,12.3515,13.3078,14.9658,17.6059,5.2544
2026-09-04,15:29,SAPPHIRE,4.522,7.1635,7.4531,6.7598,2.2378
2026-09-04,15:29,SAREGAMA,17.9027,19.8954,19.3959,18.5913,0.6886
2026-09-04,15:29,SARVESHWAR,58.6399,58.7991,58.6798,58.8809,0.241
2026-09-04,15:29,SATIA,46.2494,46.3712,46.3262,46.5256,0.2762
2026-09-04,15:29,SBCL,42.3473,43.2468,43.6398,48.5618,6.2145
2026-09-04,15:29,SBICARD,3.5536,3.4203,3.4154,4.0272,0.4736
2026-09-04,15:29,SCHAEFFLER,5.073,5.1254,5.1078,5.1189,0.0459
2026-09-04,15:29,SCHAND,44.5768,46.4151,46.2492,46.9618,2.385
2026-09-04,15:29,SCILAL,28.8756,28.8706,28.9655,29.0092,0.1336
2026-09-04,15:29,SCODATUBES,17.5949,18.1361,18.0531,21.6137,4.0188
2026-09-04,15:29,SDBL,59.892,59.6634,59.364,60.3868,0.4948
2026-09-04,15:29,SECURKLOUD,56.4346,56.4346,56.4346,56.6047,0.1701
2026-09-04,15:29,SEJALLTD,24.3152,29.446,25.4129,25.3103,0.9951
2026-09-04,15:29,SELMC,12.6531,13.3286,13.7267,14.1094,1.4563
2026-09-04,15:29,SEPC,57.5096,58.3165,66.4655,73.3828,15.8732
2026-09-04,15:29,SERVOTECH,39.5613,40.6598,41.2512,41.3403,1.779
2026-09-04,15:29,SESHAPAPER,28.0116,27.915,27.8942,28.0972,0.0856
2026-09-04,15:29,SETL,23.8723,24.3285,24.8427,24.6497,0.7774
2026-09-04,15:29,SETUINFRA,67.2755,72.5817,71.5005,71.5005,4.225
2026-09-04,15:29,SFL,9.1402,9.7461,9.6043,11.9112,2.771
2026-09-04,15:29,SHAKTIPUMP,37.1831,37.8074,39.6331,41.9682,4.7851
2026-09-04,15:29,SHALBY,20.8415,21.0108,21.0652,20.9125,0.071
2026-09-04,15:29,SHANTIGEAR,25.4727,25.6091,25.6249,25.6388,0.1661
2026-09-04,15:29,SHANTIGOLD,18.4336,20.6112,20.8048,21.6144,3.1808
2026-09-04,15:29,SHARDACROP,10.6537,11.0222,10.8803,12.882,2.2283
2026-09-04,15:29,SHILPAMED,36.8912,40.2709,39.9372,40.1624,3.2712
2026-09-04,15:29,SHIVALIK,43.5844,43.648,44.4669,44.2829,0.6985
2026-09-04,15:29,SHK,32.0834,32.3283,32.4943,33.1691,1.0857
2026-09-04,15:29,SHOPERSTOP,5.9044,6.0131,6.4374,6.3237,0.4193
2026-09-04,15:29,SHREECEM,2.2564,2.323,2.2704,2.3627,0.1063
2026-09-04,15:29,SHREEJISPG,7.4769,8.303,8.6442,8.4577,0.9808
2026-09-04,15:29,SHREEPUSHK,29.1707,29.6697,29.9193,30.13,0.9593
2026-09-04,15:29,SHRENIK,3.7602,74.6155,74.6155,75.475,71.7148
2026-09-04,15:29,SHRINGARMS,12.6072,20.1425,17.891,19.5382,6.931
2026-09-04,15:29,SICALLOG,10.0448,10.0448,23.2771,23.2471,13.2023
2026-09-04,15:29,SIGACHI,56.4025,56.9603,61.9939,62.0419,5.6394
2026-09-04,15:29,SIGIND,21.5027,21.5027,26.7017,26.5937,5.091
2026-09-04,15:29,SIGNATURE,12.9192,13.7244,14.081,14.1244,1.2052
2026-09-04,15:29,SIGNPOST,30.0019,29.97,37.3211,37.1783,7.1764
2026-09-04,15:29,SILGO,44.6245,46.9179,59.5474,58.9685,14.344
2026-09-04,15:29,SIYSIL,26.6065,26.552,26.9916,27.2581,0.6516
2026-09-04,15:29,SJVN,11.2782,11.4678,11.647,11.62,0.3418
2026-09-04,15:29,SKIL,39.8362,40.3634,40.3639,40.5181,0.6819
2026-09-04,15:29,SKIPPER,26.4746,26.3457,25.7685,27.4653,0.9907
2026-09-04,15:29,SKMEGGPROD,37.7725,35.7966,40.1501,39.5873,1.8148
2026-09-04,15:29,SMARTWORKS,16.1602,16.8297,16.7566,16.7776,0.6174
2026-09-04,15:29,SMCGLOBAL,29.6983,29.9109,30.545,30.8178,1.1195
2026-09-04,15:29,SNOWMAN,44.8866,45.3512,45.4131,45.5132,0.6266
2026-09-04,15:29,SOBHA,14.3918,14.6665,15.0604,14.9828,0.591
2026-09-04,15:29,SOLARA,39.0646,39.6932,39.9951,41.132,2.0674
2026-09-04,15:29,SOLARINDS,6.8442,7.2011,7.3432,7.0883,0.2441
2026-09-04,15:29,SOLARWORLD,19.0166,21.645,21.5817,24.207,5.1904
2026-09-04,15:29,SOLEX,32.7455,32.6251,32.9077,33.263,0.5175
2026-09-04,15:29,SOMANYCERA,20.2375,20.4767,21.2416,23.4286,3.1911
2026-09-04,15:29,SONATSOFTW,36.32,36.3909,37.2013,37.6466,1.3266
2026-09-04,15:29,SOUTHWEST,31.0237,31.0588,30.3722,34.3721,3.3484
2026-09-04,15:29,SPAL,15.3377,16.0651,18.6833,19.0905,3.7528
2026-09-04,15:29,SPANDANA,25.4736,25.7096,26.1638,26.8606,1.387
2026-09-04,15:29,SPCENET,82.5168,82.7781,82.8314,82.8311,0.3143
2026-09-04,15:29,SPECIALITY,47.7346,47.5548,48.7884,48.652,0.9174
2026-09-04,15:29,SPECTRUM,17.7481,17.4153,17.1359,18.4253,0.6772
2026-09-04,15:29,SPENCERS,31.6385,32.4969,32.4518,32.5046,0.8661
2026-09-04,15:29,SPIC,44.9568,45.9994,41.02,46.138,1.1812
2026-09-04,15:29,SPLIL,23.4434,24.6638,24.6964,24.6964,1.253
2026-09-04,15:29,SRD,25.9834,26.2504,26.3568,26.3568,0.3734
2026-09-04,15:29,SRGHFL,40.8222,40.8755,40.9469,40.9634,0.1412
2026-09-04,15:29,SRM,25.9312,26.0971,25.86,27.0666,1.1354
2026-09-04,15:29,SRPL,91.4404,89.5161,89.3708,91.4871,0.0467
2026-09-04,15:29,SSDL,24.8787,24.9881,24.9989,25.0133,0.1346
2026-09-04,15:29,SSWL,24.0051,24.2601,24.0173,25.5826,1.5775
2026-09-04,15:29,STALLION,31.2251,34.0103,46.3767,49.8525,18.6274
2026-09-04,15:29,STANLEY,17.4274,18.7773,23.8953,31.8899,14.4625
2026-09-04,15:29,STARCEMENT,35.0207,35.364,36.909,37.1691,2.1484
2026-09-04,15:29,STEELXIND,46.0756,46.0622,46.0699,47.4382,1.3626
2026-09-04,15:29,STERTOOLS,29.2639,29.0865,29.0722,29.4763,0.2124
2026-09-04,15:29,STLNETWORK,43.1688,46.6191,48.0041,50.4972,7.3284
2026-09-04,15:29,STOVEKRAFT,35.3524,34.9802,35.4213,35.8965,0.5441
2026-09-04,15:29,STYLEBAAZA,40.8063,43.1999,45.9661,47.5584,6.7521
2026-09-04,15:29,SUBEXLTD,99.2099,99.0578,98.8856,99.401,0.1911
2026-09-04,15:29,SUBROS,18.4501,18.271,18.8644,19.323,0.8729
2026-09-04,15:29,SULA,49.451,54.9451,55.7607,57.1981,7.7471
2026-09-04,15:29,SUNCLAY,17.0733,18.4528,19.2102,19.1246,2.0513
2026-09-04,15:29,SUNDRMFAST,18.5574,18.5617,18.7883,18.7403,0.1829
2026-09-04,15:29,SUNDROP,45.2245,45.3557,46.7607,46.5623,1.3378
2026-09-04,15:29,SUNPHARMA,8.3508,8.1962,8.099,8.4352,0.0844
2026-09-04,15:29,SUNTECK,10.9243,11.005,10.6392,13.4265,2.5022
2026-09-04,15:29,SUPRAJIT,30.5541,30.6032,30.4379,30.6191,0.065
2026-09-04,15:29,SUPREMEIND,14.0034,14.2161,14.3051,14.4789,0.4755
2026-09-04,15:29,SURAJEST,27.7778,27.601,26.8608,27.8451,0.0673
2026-09-04,15:29,SURYAROSNI,30.3947,29.7812,29.6788,30.7424,0.3477
2026-09-04,15:29,SURYODAY,49.2169,49.4231,49.5027,49.6344,0.4175
2026-09-04,15:29,SUTLEJTEX,33.7595,33.7494,34.1106,34.2233,0.4638
2026-09-04,15:29,SUVIDHAA,56.4113,56.4778,58.5119,58.5119,2.1006
2026-09-04,15:29,SVPGLOB,46.9808,47.1254,47.1373,47.0357,0.0549
2026-09-04,15:29,SWANDEF,4.663,4.6993,7.4376,7.4916,2.8286
2026-09-04,15:29,SWARAJENG,33.7694,34.4704,35.4651,36.1865,2.4171
2026-09-04,15:29,SWSOLAR,43.9944,44.0988,44.1138,44.4077,0.4133
2026-09-04,15:29,SYMPHONY,9.3816,10.0346,12.1116,13.2072,3.8256
2026-09-04,15:29,SYNCOMF,48.7496,48.8913,48.9577,48.8321,0.0825
2026-09-04,15:29,SYNGENE,6.3839,6.5175,6.976,7.5749,1.191
2026-09-04,15:29,SYRMA,33.1838,34.5093,34.126,33.7579,0.5741
2026-09-04,15:29,SYSTMTXC,24.0635,24.3965,25.2316,25.4039,1.3404
2026-09-04,15:29,TAJGVK,20.9007,21.7261,22.3625,23.1206,2.2199
2026-09-04,15:29,TAKE,94.6585,99.2832,99.5666,99.6415,4.983
2026-09-04,15:29,TANLA,43.691,44.8342,45.5902,45.4613,1.7703
2026-09-04,15:29,TARAPUR,75.7501,75.9237,78.0483,75.9752,0.2251
2026-09-04,15:29,TARC,26.774,27.0509,27.2584,27.1498,0.3758
2026-09-04,15:29,TARIL,18.4315,24.3909,25.498,26.264,7.8325
2026-09-04,15:29,TARMAT,67.2486,67.9984,69.1521,69.1521,1.9035
2026-09-04,15:29,TARSONS,23.3654,26.8088,28.2187,29.0209,5.6555
2026-09-04,15:29,TASTYBITE,20.1416,20.0731,20.0812,20.5673,0.4257
2026-09-04,15:29,TATACHEM,25.3325,26.5922,26.5117,28.0737,2.7412
2026-09-04,15:29,TATAELXSI,32.9746,32.1797,34.236,34.2563,1.2817
2026-09-04,15:29,TATAINVEST,21.692,22.6952,22.601,22.5509,0.8589
2026-09-04,15:29,TATVA,20.7261,20.484,21.1744,20.9388,0.2127
2026-09-04,15:29,TCI,13.7555,13.6298,13.655,13.8918,0.1363
2026-09-04,15:29,TCIEXP,18.7585,18.7887,18.7767,19.3082,0.5497
2026-09-04,15:29,TCS,5.1808,4.9595,5.1289,5.6664,0.4856
2026-09-04,15:29,TEAMLEASE,11.4615,12.6718,12.4941,14.1097,2.6482
2026-09-04,15:29,TECHNOE,9.9852,11.4012,11.6287,13.3093,3.3241
2026-09-04,15:29,TECILCHEM,43.8368,43.96,44.5671,46.2005,2.3637
2026-09-04,15:29,TEJASNET,35.2438,35.8348,36.9818,36.7581,1.5143
2026-09-04,15:29,TERASOFT,49.223,51.6385,51.7013,51.7849,2.5619
2026-09-04,15:29,TEXRAIL,37.3124,37.2904,37.5959,40.4772,3.1648
2026-09-04,15:29,TFL,43.3743,44.5472,43.8197,45.4015,2.0272
2026-09-04,15:29,THELEELA,4.5111,4.4986,4.9603,4.7034,0.1923
2026-09-04,15:29,THEMISMED,32.3776,32.43,32.3757,32.4743,0.0967
2026-09-04,15:29,THERMAX,10.4953,10.6945,11.1615,11.2186,0.7233
2026-09-04,15:29,THOMASCOTT,44.9498,45.3646,45.1708,45.1793,0.2295
2026-09-04,15:29,THYROCARE,10.3764,13.4939,12.5857,12.5889,2.2125
2026-09-04,15:29,TI,39.1713,44.6424,42.7672,42.4391,3.2678
2026-09-04,15:29,TICL,14.7181,15.1277,15.8062,16.8453,2.1272
2026-09-04,15:29,TIJARIA,60.1313,60.9011,63.1924,63.861,3.7297
2026-09-04,15:29,TIL,30.2929,30.5276,34.1598,31.5862,1.2933
2026-09-04,15:29,TIMETECHNO,25.1106,24.1147,24.1711,26.3176,1.207
2026-09-04,15:29,TINNARUBR,22.5179,22.7836,23.136,24.7649,2.247
2026-09-04,15:29,TMPV,22.6402,23.8432,22.7491,22.7986,0.1584
2026-09-04,15:29,TNPL,43.9492,44.0082,44.8487,45.8005,1.8513
2026-09-04,15:29,TNTELE,17.3285,17.7486,17.7659,17.7659,0.4374
2026-09-04,15:29,TOLINS,29.3044,28.8224,29.2013,29.8218,0.5174
2026-09-04,15:29,TRANSRAILL,19.3126,19.5479,18.5722,19.8776,0.565
2026-09-04,15:29,TRF,62.2633,62.2628,62.2789,62.4795,0.2162
2026-09-04,15:29,TRITURBINE,6.6549,7.1603,6.8135,7.5761,0.9212
2026-09-04,15:29,TRU,62.8334,62.8138,62.8138,63.0341,0.2007
2026-09-04,15:29,TRUALT,18.1579,19.6597,17.7942,19.2776,1.1197
2026-09-04,15:29,TTKPRESTIG,6.4118,6.1947,6.7361,6.5207,0.1089
2026-09-04,15:29,TTML,22.6972,22.8642,22.862,22.9378,0.2406
2026-09-04,15:29,TVSSCS,36.751,37.6089,37.91,38.0862,1.3352
2026-09-04,15:29,TVTODAY,28.3738,28.4848,32.1271,32.6061,4.2323
2026-09-04,15:29,UBL,4.2972,4.2852,4.2197,4.5895,0.2923
2026-09-04,15:29,UCOBANK,4.3935,4.4945,4.5702,4.6855,0.292
2026-09-04,15:29,UDS,24.3887,24.5364,23.9197,27.9961,3.6074
2026-09-04,15:29,UEL,10.0159,25.0325,25.0325,25.0325,15.0166
2026-09-04,15:29,UFO,51.7909,51.6309,51.613,57.381,5.5901
2026-09-04,15:29,UGARSUGAR,51.4842,51.7789,53.9735,54.0813,2.5971
2026-09-04,15:29,UGROCAP,34.6321,39.1106,40.3835,40.9634,6.3313
2026-09-04,15:29,UMAEXPORTS,27.4877,27.4877,27.3682,29.0981,1.6104
2026-09-04,15:29,UMESLTD,57.498,57.6794,57.6794,57.6794,0.1814
2026-09-04,15:29,UNICHEMLAB,16.948,16.959,17.078,17.3784,0.4304
2026-09-04,15:29,UNIECOM,42.2632,42.93,44.4375,46.9229,4.6597
2026-09-04,15:29,UNIMECH,10.5667,10.446,10.9339,11.2764,0.7097
2026-09-04,15:29,UNITECH,92.9529,93.0802,93.1217,93.4111,0.4582
2026-09-04,15:29,UNITEDPOLY,40.2336,39.9676,40.2887,40.2917,0.0581
2026-09-04,15:29,UNITEDTEA,39.5999,39.5999,39.5287,39.8773,0.2774
2026-09-04,15:29,UNIVCABLES,30.6326,24.7205,31.6368,32.4492,1.8166
2026-09-04,15:29,UNOMINDA,5.5864,5.6003,5.6283,5.8047,0.2183
2026-09-04,15:29,URBANCO,6.0794,8.3792,14.4658,14.2483,8.1689
2026-09-04,15:29,URJA,80.9133,81.4666,81.541,82.6082,1.6949
2026-09-04,15:29,UTIAMC,9.932,10.0372,10.1204,10.8034,0.8714
2026-09-04,15:29,UTKARSHBNK,22.3067,32.769,33.2784,32.8838,10.5771
2026-09-04,15:29,UYFINCORP,27.8185,27.864,28.4883,28.4896,0.6711
2026-09-04,15:29,VAIBHAVGBL,22.8766,23.1338,23.8766,23.7742,0.8976
2026-09-04,15:29,VAKRANGEE,54.4252,54.7754,55.1319,55.3166,0.8914
2026-09-04,15:29,VALIANTORG,61.1775,61.1821,61.1256,61.2228,0.0453
2026-09-04,15:29,VARROC,7.9612,8.2397,9.2013,9.5321,1.5709
2026-09-04,15:29,VASCONEQ,66.2386,67.8669,68.107,68.2833,2.0447
2026-09-04,15:29,VCL,83.5279,90.1154,88.3065,88.3637,4.8358
2026-09-04,15:29,VEDL,16.0278,15.9015,15.9947,18.4063,2.3785
2026-09-04,15:29,VEEDOL,32.4905,32.6917,32.805,32.8505,0.36
2026-09-04,15:29,VENTIVE,4.1151,4.2341,4.4337,4.5979,0.4828
2026-09-04,15:29,VERANDA,61.6312,62.2597,63.2647,62.8531,1.2219
2026-09-04,15:29,VERTOZ,33.2027,32.823,33.0329,33.5372,0.3345
2026-09-04,15:29,VGUARD,11.3163,11.2142,11.2622,11.4724,0.1561
2026-09-04,15:29,VHLTD,15.5375,15.7434,15.8494,15.8494,0.3119
2026-09-04,15:29,VIJAYA,3.7871,3.7064,4.176,4.2252,0.4381
2026-09-04,15:29,VIJIFIN,45.2631,45.9574,51.0431,59.486,14.2229
2026-09-04,15:29,VIKASECO,89.2987,89.2987,89.3475,89.3476,0.0489
2026-09-04,15:29,VIKASLIFE,85.4194,85.5012,85.5181,85.5436,0.1242
2026-09-04,15:29,VIKRAMSOLR,27.9977,29.8605,28.6493,28.9903,0.9926
2026-09-04,15:29,VIKRAN,27.874,33.7251,35.7897,36.716,8.842
2026-09-04,15:29,VIMTALABS,57.9267,58.4541,58.1787,58.612,0.6853
2026-09-04,15:29,VINATIORGA,11.3721,11.104,11.1171,11.9515,0.5794
2026-09-04,15:29,VINDHYATEL,35.4008,45.9572,46.1307,46.0191,10.6183
2026-09-04,15:29,VINEETLAB,84.1065,87.5356,93.6578,93.5193,9.4128
2026-09-04,15:29,VIPCLOTHNG,51.7829,51.8203,52.1224,52.2583,0.4754
2026-09-04,15:29,VIPIND,25.9016,32.1296,32.3631,34.4663,8.5647
2026-09-04,15:29,VISHWARAJ,67.1876,67.1755,68.9198,69.6645,2.4769
2026-09-04,15:29,VIVIMEDLAB,81.0593,81.0593,81.0593,81.2508,0.1915
2026-09-04,15:29,VLEGOV,68.2026,68.9283,69.0337,69.3338,1.1312
2026-09-04,15:29,VMART,6.2146,6.3482,6.9835,8.4499,2.2353
2026-09-04,15:29,VMSTMT,26.1197,26.6885,27.9382,27.937,1.8173
2026-09-04,15:29,VOLTAS,12.7634,12.5163,11.9892,12.8573,0.0939
2026-09-04,15:29,VPRPL,35.6632,40.5371,50.8002,57.6402,21.977
2026-09-04,15:29,VRLLOG,11.4943,12.5162,11.7303,12.1543,0.66
2026-09-04,15:29,VSSL,19.6954,20.0618,20.095,20.1649,0.4695
2026-09-04,15:29,VSTTILLERS,20.6215,21.5755,22.3336,22.6466,2.0251
2026-09-04,15:29,VTL,13.1534,13.0078,12.7152,13.6804,0.527
2026-09-04,15:29,WAKEFIT,0,3.5183,4.0181,5.9833,5.9833
2026-09-04,15:29,WCIL,21.0405,22.1439,22.234,22.2134,1.1729
2026-09-04,15:29,WEWORK,3.5716,3.3856,4.6017,6.1664,2.5948
2026-09-04,15:29,WHEELS,29.3018,30.0551,29.8727,32.2825,2.9807
2026-09-04,15:29,WHIRLPOOL,9.0784,12.4569,12.5844,13.2457,4.1673
2026-09-04,15:29,WINDMACHIN,51.5885,49.9406,49.2945,53.7542,2.1657
2026-09-04,15:29,WINSOME,59.2449,59.3574,59.3574,61.3174,2.0725
2026-09-04,15:29,WIPL,41.81,43.2889,45.7575,45.2673,3.4573
2026-09-04,15:29,WIPRO,8.5787,8.4132,8.6965,11.024,2.4453
2026-09-04,15:29,WOCKPHARMA,32.5917,33.1549,32.6315,34.2432,1.6515
2026-09-04,15:29,WONDERLA,18.9334,21.0149,21.0287,22.2771,3.3437
2026-09-04,15:29,XCHANGING,24.6969,24.6899,24.5914,24.7978,0.1009
2026-09-04,15:29,XELPMOC,48.619,50.33,50.4222,50.5408,1.9218
2026-09-04,15:29,XPROINDIA,39.0738,39.1756,40.1873,40.2214,1.1476
2026-09-04,15:29,XTGLOBAL,37.1858,37.1858,37.4515,37.4515,0.2657
2026-09-04,15:29,YATHARTH,23.1584,27.0124,26.9473,27.7364,4.578
2026-09-04,15:29,YATRA,18.0659,19.3595,21.248,21.1066,3.0407
2026-09-04,15:29,YUKEN,40.0822,39.9404,39.9534,41.1178,1.0356
2026-09-04,15:29,ZAGGLE,38.5189,40.4781,44.3628,47.9492,9.4303
2026-09-04,15:29,ZEEL,56.2569,59.1247,59.1992,67.2699,11.013
2026-09-04,15:29,ZENSARTECH,14.8836,15.5073,16.2699,17.7059,2.8223
2026-09-04,15:29,ZFCVINDIA,7.672,7.6667,7.7253,8.3488,0.6768
2026-09-04,15:29,ZIMLAB,62.9137,62.532,65.9399,64.6509,1.7372
2026-09-04,15:29,ZODIAC,29.1719,29.3647,29.6255,29.6478,0.4759
2026-09-04,15:29,ZUARI,31.4475,31.5883,31.4634,31.943,0.4955
2026-09-04,15:29,ZUARIIND,39.3471,40.5371,40.4177,40.4769,1.1298
2026-09-04,15:29,ZYDUSLIFE,6.5704,6.6364,6.676,6.6558,0.0854
