"Date","Symbol","Market cap","Category","Sector","Industry","% change","Volume"
"4th Sep'26 3:29:00","IDEA",162731.24,"largecap","telecom-service","telecommunications - service provider",3.73,525960563
"4th Sep'26 3:29:00","TATACAP",159203.81,"largecap","financials","finance & investments",0.861,1331842
"4th Sep'26 3:29:00","APLAPOLLO",62473.14,"largecap","industrials","steel - large",4.2,955928
"4th Sep'26 3:29:00","MOTILALOFS",62442.61,"largecap","financials","finance & investments",2.39,807197
"4th Sep'26 3:29:00","WOCKPHARMA",33939.74,"largecap","healthcare","pharmaceuticals - indian - bulk drugs & formln",7.08,3557646
"4th Sep'26 3:29:00","LICHSGFIN",30916.29,"largecap","financials","finance - housing",1.45,7126780
"4th Sep'26 3:29:00","ABSLAMC",30679.88,"largecap","financials","finance & investments",1.64,127937
"4th Sep'26 3:29:00","CDSL",29147.14,"largecap","financials","miscellaneous",0.043,1117172
"4th Sep'26 3:29:00","PFOCUS",23838.26,"largecap","realty","miscellaneous",5.26,1960283
"4th Sep'26 3:29:00","IGL",22125.63,"largecap","energy","miscellaneous",5.77,8174532
"4th Sep'26 3:29:00","ELGIEQUIP",20348.73,"largecap","industrials","compressors / drilling equipment",1.86,691967
"4th Sep'26 3:29:00","USHAMART",15668.31,"midcap","metals & mining","steel - medium / small",-0.291,1631592
"4th Sep'26 3:29:00","CANHLIFE",14936.85,"midcap","financials","finance & investments",1.89,1086892
"4th Sep'26 3:29:00","SPLPETRO",14498.93,"midcap","energy","petrochemicals",6.23,1726190
"4th Sep'26 3:29:00","JSWDULUX",14456.77,"midcap","building materials","paints / varnishes",0.218,24093
"4th Sep'26 3:29:00","MANYAVAR",14437.71,"midcap","consumer discretionary","textiles - products",4.58,775723
"4th Sep'26 3:29:00","HOMEFIRST",12648.6,"midcap","financials","finance - housing",0.724,128463
"4th Sep'26 3:29:00","SOUTHBANK",12380.83,"midcap","bank","banks - private sector",-0.86,8819050
"4th Sep'26 3:29:00","MANORAMA",11902.3,"midcap","fmcg","food - processing - indian",1.38,521970
"4th Sep'26 3:29:00","TITAGARH",11741.53,"midcap","industrials","engineering",3.28,3001183
"4th Sep'26 3:29:00","PCJEWELLER",11516.69,"midcap","consumer discretionary","diamond cutting / jewellery",12.74,1088942848
"4th Sep'26 3:29:00","SHREEJISPG",11080.89,"midcap","transportation","shipping",2.39,2336669
"4th Sep'26 3:29:00","NCC",9398.86,"midcap","realty","construction",1.67,2168692
"4th Sep'26 3:29:00","SMLMAH",9114.97,"midcap","auto","automobiles - lcvs / hcvs",10,427607
"4th Sep'26 3:29:00","ICIL",8908.48,"midcap","textiles","textiles - cotton/blended",2.85,621520
"4th Sep'26 3:29:00","KSHINTL",7370.47,"midcap","metals & mining","mining / minerals / metals",6.37,542413
"4th Sep'26 3:29:00","SKIPPER",7218.95,"midcap","industrials","engineering",8.08,10118419
"4th Sep'26 3:29:00","PAISALO",6739.56,"midcap","financials","finance & investments",5.44,31201929
"4th Sep'26 3:29:00","GSFC",6490.4,"midcap","chemicals","fertilizers",0.63,1107016
"4th Sep'26 3:29:00","SBCL",6458.01,"midcap","metals & mining","mining / minerals / metals",-3.01,810275
"4th Sep'26 3:29:00","SMARTWORKS",6187.29,"midcap","co-working","miscellaneous",1.9,44075
"4th Sep'26 3:29:00","FEDFINA",6056.98,"midcap","financials","finance & investments",2.34,818017
"4th Sep'26 3:29:00","PURVA",5471.52,"midcap","realty","construction",9.3,17390475
"4th Sep'26 3:29:00","GMMPFAUDLR",5160.64,"midcap","industrials","engineering",6.93,1049404
"4th Sep'26 3:29:00","AYE",4560.82,"smallcap","financials","finance & investments",2.33,1223851
"4th Sep'26 3:29:00","VIPIND",4461.14,"smallcap","plastic products","moulded luggage",1.19,440277
"4th Sep'26 3:29:00","ROSSTECH",4336.98,"smallcap","aerospace & defence","engineering",3.06,234989
"4th Sep'26 3:29:00","63MOONS",4038.78,"smallcap","i.t","computers - software - medium / small",2.97,1136718
"4th Sep'26 3:29:00","SMSPHARMA",3675.84,"smallcap","healthcare","pharmaceuticals - indian - bulk drugs",4.9,473075
"4th Sep'26 3:29:00","RML",3581.5,"smallcap","auto","auto ancillaries",14.95,2195205
"4th Sep'26 3:29:00","BOROLTD",3096.84,"smallcap","building materials","glass & glass products",4.15,265545
"4th Sep'26 3:29:00","BALMLAWRIE",3043.53,"smallcap","miscellaneous","diversified - large",0.594,106907
"4th Sep'26 3:29:00","DOLPHIN",2696.31,"smallcap","energy","oil drilling / allied services",8.78,169333
"4th Sep'26 3:29:00","EXICOM",2473.53,"smallcap","industrials","electric equipment",7.05,5389417
"4th Sep'26 3:29:00","PENIND",2288.15,"smallcap","metals & mining","steel - medium / small",1.61,477553
"4th Sep'26 3:29:00","ARMANFIN",2175.82,"smallcap","financials","finance & investments",3.89,42583
"4th Sep'26 3:29:00","GMBREW",2101.57,"smallcap","fmcg","breweries & distilleries",1.02,40347
"4th Sep'26 3:29:00","IKIO",1640.98,"smallcap","consumer discretionary","electric equipment",1.93,831128
"4th Sep'26 3:29:00","RUBYMILLS",1432.24,"smallcap","textiles","textiles - composite",4.71,23319
"4th Sep'26 3:29:00","IRISDOREME",1210.13,"smallcap","consumer discretionary","textiles - products",6,2431238
"4th Sep'26 3:29:00","MASTERTR",1096.81,"smallcap","financials","finance & investments",10.03,8360812
"4th Sep'26 3:29:00","RSWM",1039.2,"smallcap","textiles","textiles - cotton/blended",1.54,67600
"4th Sep'26 3:29:00","PREMIERPOL",998.82,"smallcap","plastic products","plastics products",3.26,1113475
"4th Sep'26 3:29:00","NRAIL",993.92,"smallcap","building materials","paper",17.73,157426
"4th Sep'26 3:29:00","BSHSL",959.97,"smallcap","fmcg","miscellaneous",2.26,15418
"4th Sep'26 3:29:00","FEDDERSHOL",952.29,"smallcap","financials","finance & investments",2.78,1773925
"4th Sep'26 3:29:00","VALIANTORG",897.81,"smallcap","chemicals","chemicals",1.3,45087
"4th Sep'26 3:29:00","MVGJL",878.77,"smallcap","consumer discretionary","diamond cutting / jewellery",4.61,1146917
"4th Sep'26 3:29:00","TRANSPEK",807.95,"smallcap","chemicals","chemicals",4.06,13477
"4th Sep'26 3:29:00","COFFEEDAY",694.17,"smallcap","consumer discretionary","hotels",4.98,1123239
"4th Sep'26 3:29:00","SREEL",614.81,"smallcap","consumer discretionary","trading",2.53,21434
"4th Sep'26 3:29:00","OMPOWER",601.62,"smallcap","realty","transmisson line towers / equipment",2.68,75803
"4th Sep'26 3:29:00","VALIANTLAB",575.55,"smallcap","healthcare","pharmaceuticals - indian - bulk drugs & formln",4.99,71202
"4th Sep'26 3:29:00","DICIND",567.81,"smallcap","chemicals","chemicals",5.92,45846
"4th Sep'26 3:29:00","IRIS",546.95,"smallcap","i.t","computers - software - medium / small",4.72,92277
"4th Sep'26 3:29:00","SAHYADRI",429.26,"smallcap","building materials","cement products",9.11,111187
"4th Sep'26 3:29:00","FOODSIN",421.85,"smallcap","fmcg","food - processing - indian",2.34,89638
"4th Sep'26 3:29:00","MANAKSIA",413.19,"smallcap","services","trading",6.65,235473
"4th Sep'26 3:29:00","MONEYBOXX",410.48,"smallcap","financials","finance & investments",2.76,92042
"4th Sep'26 3:29:00","KAVDEFENCE",403.67,"smallcap","aerospace & defence","telecommunications - equipment",19.57,1505543
"4th Sep'26 3:29:00","MENNPIS",395.96,"smallcap","auto","auto ancillaries",3.77,261863
"4th Sep'26 3:29:00","CINELINE",362.95,"smallcap","media","entertainment / electronic media software",6.01,308404
"4th Sep'26 3:29:00","MARALOVER",256.64,"smallcap","textiles","textiles - cotton/blended",11.89,313426
"4th Sep'26 3:29:00","GENCON",254.33,"smallcap","realty","construction",5.36,345096
"4th Sep'26 3:29:00","PKTEA",248.49,"smallcap","fmcg","tea",6.77,6257
"4th Sep'26 3:29:00","CPCAP",233.47,"smallcap","financials","finance & investments",8.48,85391
"4th Sep'26 3:29:00","NITIRAJ",224.69,"smallcap","consumer discretionary","electronics - components",6.85,38842
"4th Sep'26 3:29:00","AIRAN",193.03,"smallcap","i.t","computers - software - medium / small",4.32,208770
"4th Sep'26 3:29:00","JOCIL",137.04,"smallcap","chemicals","chemicals",0.922,8078
"4th Sep'26 3:29:00","VITAL",133.46,"smallcap","chemicals","chemicals",2.26,15658
"4th Sep'26 3:29:00","PREMCO",129.2,"smallcap","textiles","textiles - products",1.4,2051
"4th Sep'26 3:29:00","SURYALAXMI",114.32,"smallcap","textiles","textiles - cotton/blended",1.27,1013
"4th Sep'26 3:29:00","BVCL",96.35,"smallcap","building materials","cement - north india",0.788,85128
"4th Sep'26 3:29:00","ZENITHSTL",83.95,"smallcap","metals & mining","steel - medium / small",9.87,845763
"4th Sep'26 3:29:00","HGM",66.29,"smallcap","i.t","computers - software - medium / small",2.11,31154
"4th Sep'26 3:29:00","LIBAS",27.56,"smallcap","fmcg","food - processing - indian",-0.191,19725
"4th Sep'26 3:29:00","HEADSUP",15.92,"smallcap","consumer discretionary","trading",7.77,52608